-- phpMyAdmin SQL Dump
-- version 3.2.2.1
-- http://www.phpmyadmin.net
--
-- Host: localhost
-- Generation Time: Jan 03, 2011 at 10:37 AM
-- Server version: 5.1.37
-- PHP Version: 5.2.10-2ubuntu6.5

SET SQL_MODE="NO_AUTO_VALUE_ON_ZERO";


/*!40101 SET @OLD_CHARACTER_SET_CLIENT=@@CHARACTER_SET_CLIENT */;
/*!40101 SET @OLD_CHARACTER_SET_RESULTS=@@CHARACTER_SET_RESULTS */;
/*!40101 SET @OLD_COLLATION_CONNECTION=@@COLLATION_CONNECTION */;
/*!40101 SET NAMES utf8 */;

--
-- Database: `quickhelp_cake2`
--

-- --------------------------------------------------------

--
-- Table structure for table `answers`
--

CREATE TABLE IF NOT EXISTS `answers` (
  `id` int(11) NOT NULL AUTO_INCREMENT,
  `answer` text NOT NULL,
  `response` text,
  `order` int(11) DEFAULT NULL,
  `question_id` int(11) NOT NULL,
  PRIMARY KEY (`id`)
) ENGINE=MyISAM  DEFAULT CHARSET=utf8 AUTO_INCREMENT=129 ;

--
-- Dumping data for table `answers`
--

INSERT INTO `answers` (`id`, `answer`, `response`, `order`, `question_id`) VALUES
(1, 'Dorothy Sayers. Let''s make a super long answer.', 'Uh... no.', 0, 1),
(2, 'Dumb', 'Correct!', 1, 1),
(3, 'Clark Kent 5', 'Imaginative, aren''t we?', 2, 1),
(4, 'Yes', 'No', 1, 2),
(5, 'No', '', 2, 2),
(6, 'Crazy stuff', 'That is NOT correct.', 1, 3),
(7, 'Wacky stuff', 'What''s wrong with you?', 2, 3),
(8, 'It tells me my name.', 'That''ll work', 3, 3),
(9, 'Answer 1', 'Response 2', 0, 28),
(10, 'Answer 2', 'Response 2', 1, 28),
(11, '', '', 0, 29),
(12, '', '', 1, 29),
(13, '', '', 0, 30),
(14, '', '', 1, 30),
(15, '', '', 0, 31),
(16, '', '', 1, 31),
(17, '', '', 0, 32),
(18, '', '', 1, 32),
(19, '', '', 0, 33),
(20, '', '', 1, 33),
(21, '', '', 0, 34),
(22, '', '', 1, 34),
(23, '', '', 0, 35),
(24, '', '', 1, 35),
(25, '', '', 0, 36),
(26, '', '', 1, 36),
(27, '', '', 0, 37),
(28, '', '', 1, 37),
(29, '', '', 0, 38),
(30, '', '', 1, 38),
(31, '', '', 0, 39),
(32, '', '', 1, 39),
(33, '', '', 0, 40),
(34, '', '', 1, 40),
(35, '', '', 0, 41),
(36, '', '', 1, 41),
(37, 'asdf', 'asdf', 0, 42),
(38, 'asdf', 'asdf', 1, 42),
(39, 'asdf', 'asdf', 0, 43),
(40, 'sdfg', 'asdf', 1, 43),
(41, 'Answer fun', 'Nope.', 0, 44),
(42, 'More answer fun', 'Yup!', 1, 44),
(43, 'asdf', 'asdf', 0, 45),
(44, 'asdf', 'asdf', 1, 45),
(45, 'asdf', 'asdf', 0, 46),
(46, 'asdf', 'asdf', 1, 46),
(47, 'asdf', 'asdf', 0, 47),
(48, 'asd', 'fasdf', 1, 47),
(49, 'asdf', 'asdf', 0, 48),
(50, 'asd', 'fasdf', 1, 48),
(51, 'asdf', 'asdf', 0, 49),
(52, 'asdf', 'asdf', 1, 49),
(53, 'asdf', 'asdf', 0, 50),
(54, 'asdf', 'asdf', 1, 50),
(55, 'asdf', 'asdf', 0, 51),
(56, 'asdf', 'asdf', 1, 51),
(57, 'asdf1', 'asdf2', 0, 52),
(58, 'asdf3', 'asdf4', 1, 52),
(59, 'asdf5', 'asdf6', 2, 52),
(60, 'asdf7', 'asdf8', 3, 52),
(61, 'asdf9', 'asdf10', 4, 52),
(62, 'asdf', 'asdf', 0, 53),
(63, 'asdf', 'asdf', 1, 53),
(64, 'asd', 'fasdf', 2, 53),
(65, 'tset', 'asdf', 0, 54),
(66, 'asdf', 'asdf', 1, 54),
(67, 'asdf', 'asd', 0, 55),
(68, 'fas', 'df', 1, 55),
(69, 'asdf', 'asdf', 0, 56),
(70, 'asd', 'fa', 1, 56),
(71, 'asdf', 'asdf', 0, 57),
(72, 'asd', 'fasdf', 1, 57),
(73, 'Dorothy Sayers. Let''s make a super long answer.', 'Uh... no.', 0, 58),
(74, 'á½‰Î¼Î·ÏÎ¿Ï‚', 'Correct!', 1, 58),
(75, 'Clark Kentasdf', 'Imaginative, aren''t we?', 2, 58),
(76, 'Dorothy Sayers. Let''s make a super long answer.', 'Uh... no.', 0, 59),
(77, 'á½‰Î¼Î·ÏÎ¿Ï‚', 'Correct!', 2, 59),
(78, 'Clark Kent', 'Imaginative, aren''t we?', 1, 59),
(79, 'asdf', 'asdf', 0, 60),
(80, 'asdf2', 'asdf', 0, 60),
(81, 'asdf', 'asdf', 0, 61),
(82, 'asdf2', 'asdf', 1, 61),
(83, 'asdf', 'asdf', 1, 62),
(84, 'asdf2', 'asdf', 1, 62),
(85, 'Yes', 'No', 0, 63),
(86, 'No', '', 1, 63),
(87, 'asdf', 'asdf', 2, 63),
(88, 'Yes', 'No', 0, 64),
(89, 'No', '', 1, 64),
(90, 'asdf', 'asdf', 2, 64),
(91, 'Dorothy Sayers. Let''s make a super long answer.', 'Uh... no.', 0, 65),
(92, 'á½‰Î¼Î·ÏÎ¿Ï‚', 'Correct!', 1, 65),
(93, 'Clark Kent 2', 'Imaginative, aren''t we?', 2, 65),
(94, 'asdf1', 'asdf2', 0, 72),
(95, 'asdf3', 'asdf4', 1, 72),
(96, 'asdf5', 'asdf6', 2, 72),
(97, 'asdf7', 'asdf8', 3, 72),
(98, 'asdf9', 'asdf10', 4, 72),
(99, 'Dorothy Sayers. Let''s make a super long answer.', 'Uh... no.', 0, 73),
(100, 'Dumb 2', 'Correct!', 1, 73),
(101, 'Clark Kent 5', 'Imaginative, aren''t we?', 2, 73),
(102, 'Dorothy Sayers. Let''s make a super long answer.', 'Uh... no.', 0, 74),
(103, 'Dumb 2', 'Correct!', 1, 74),
(104, 'Clark Kent 5', 'Imaginative, aren''t we?', 2, 74),
(105, 'Dorothy Sayers. Let''s make a super long answer.', 'Uh... no.', 0, 75),
(106, 'Clark Kent 5', 'Imaginative, aren''t we?', 2, 75),
(107, 'New answer 2', 'new response 2', 1, 76),
(108, 'answer 2', 'response 2', 2, 76),
(109, 'New answer 2', 'new response 2', 0, 77),
(110, 'answer 2', 'response 2', 1, 77),
(111, 'Answer 1', 'Response 1', 0, 78),
(112, 'New answer 2', 'new response 2', 1, 78),
(113, 'answer 2', 'response 2', 2, 78),
(114, 'Answer 1', 'Response 1', 0, 79),
(115, 'New Answer 2', 'New Response 2', 1, 79),
(116, 'Answer 2', 'Response 2', 2, 79),
(117, 'Answer 1', 'Response 1', 0, 80),
(118, 'New Answer 2', 'New Response 2', 1, 80),
(119, 'New Answer 2', 'New Response 2', 0, 81),
(120, 'Answer 1', 'Response 1', 1, 81),
(121, 'asdf', 'asdf', 0, 82),
(122, 'asdfasdf', 'asdfasdfa', 1, 82),
(123, 'Answer 1', 'Response 1', 0, 83),
(124, 'Answer 2 ', 'Response 2', 1, 83),
(125, 'Answer 3', 'Response 3', 2, 83),
(126, 'Crazy stuff', 'That is NOT correct.', 0, 84),
(127, 'Wacky stuff', 'What''s wrong with you?', 1, 84),
(128, 'It tells me my name.', 'That''ll work', 2, 84);

-- --------------------------------------------------------

--
-- Table structure for table `final_quizzes`
--

CREATE TABLE IF NOT EXISTS `final_quizzes` (
  `id` int(11) NOT NULL AUTO_INCREMENT,
  `title` varchar(1024) DEFAULT NULL,
  `content` text NOT NULL,
  `certificate` tinyint(1) NOT NULL DEFAULT '1',
  `certificate_email` varchar(255) DEFAULT NULL,
  `certificate_email_self` tinyint(1) NOT NULL DEFAULT '1',
  `certificate_grades` tinyint(1) NOT NULL DEFAULT '1',
  `form_method` varchar(16) DEFAULT NULL,
  `form_action` varchar(1024) DEFAULT NULL,
  `submit_value` varchar(64) DEFAULT NULL,
  `eval_link` varchar(1024) DEFAULT NULL,
  `tutorial_id` int(11) NOT NULL,
  `created` datetime DEFAULT NULL,
  `modified` datetime DEFAULT NULL,
  PRIMARY KEY (`id`)
) ENGINE=MyISAM  DEFAULT CHARSET=utf8 AUTO_INCREMENT=9 ;

--
-- Dumping data for table `final_quizzes`
--

INSERT INTO `final_quizzes` (`id`, `title`, `content`, `certificate`, `certificate_email`, `certificate_email_self`, `certificate_grades`, `form_method`, `form_action`, `submit_value`, `eval_link`, `tutorial_id`, `created`, `modified`) VALUES
(5, 'Quiz for tutorial 5', '<p><img class="heading" src="tutorials/view_heading_image/chapter/Chapter%201" alt="" /><img class="heading" src="tutorials/view_heading_image/step/Step%201" alt="" />1Blah blah bla</p>\r\n<p><img class="question" src="questions/view_image/82" alt="" /></p>\r\n<p>h</p>\r\n<p><img class="heading" src="tutorials/view_heading_image/step/Step%202" alt="" />Blah blah again</p>\r\n<p><img class="question" src="questions/view_image/83" alt="" /></p>', 1, NULL, 1, 1, NULL, NULL, NULL, NULL, 5, NULL, '2010-12-30 15:42:49'),
(7, NULL, '<p>asdf</p>', 1, NULL, 1, 1, NULL, NULL, NULL, NULL, 5, '2010-12-22 11:56:08', '2010-12-22 11:56:08'),
(8, NULL, '<p>asdf</p>', 1, NULL, 1, 1, NULL, NULL, NULL, NULL, 5, '2010-12-22 11:58:56', '2010-12-22 11:58:56');

-- --------------------------------------------------------

--
-- Table structure for table `questions`
--

CREATE TABLE IF NOT EXISTS `questions` (
  `id` int(11) NOT NULL AUTO_INCREMENT,
  `question` varchar(1024) NOT NULL,
  `correct_answer` int(11) NOT NULL,
  PRIMARY KEY (`id`)
) ENGINE=MyISAM  DEFAULT CHARSET=utf8 AUTO_INCREMENT=85 ;

--
-- Dumping data for table `questions`
--

INSERT INTO `questions` (`id`, `question`, `correct_answer`) VALUES
(1, 'What is your name? Let''s make this question really long to test word wrap.', 0),
(2, 'Is this a good result?', 1),
(3, 'Which statement best summarizes the article?', 3),
(4, '1234', 1),
(5, '1234', 1),
(6, '1234', 1),
(7, '1234', 1),
(8, 'Question', 1),
(9, 'Question', 1),
(10, 'Question', 1),
(11, 'Question', 1),
(12, 'Question again', 1),
(13, 'Question again', 1),
(14, 'Question again', 1),
(15, 'Question again', 1),
(16, 'Question again', 0),
(17, 'Question again', 1),
(18, 'Question again', 0),
(19, 'Question again', 1),
(20, 'asdf', 0),
(21, 'asdf', 0),
(22, 'asdf', 0),
(23, 'asdf', 0),
(24, 'asdf', 0),
(25, 'asdf', 0),
(26, 'asdf', 0),
(27, 'Question again', 0),
(28, 'Question again', 0),
(29, 'asdf', 0),
(30, 'ZXC', 0),
(31, 'edfdfd', 0),
(32, 'edfdfd', 0),
(33, 'edfdfd', 0),
(34, 'edfdfd', 0),
(35, 'edfdfd', 0),
(36, 'as', 0),
(37, 'as', 0),
(38, 'as', 0),
(39, 'as', 0),
(40, 'as', 0),
(41, 'asdf', 0),
(42, 'asdf', 0),
(43, 'asdf', 0),
(44, 'Question fun', 0),
(45, 'Question again', 0),
(46, 'asdf', 0),
(47, 'asdf', 0),
(48, 'asdf', 0),
(49, 'asdf', 0),
(50, 'asdf', 0),
(51, 'asdf', 0),
(52, 'Question again', 1),
(53, 'Question', 0),
(54, 'test', 0),
(55, 'asdf', 0),
(56, 'asdf', 0),
(57, 'asdf', 0),
(58, 'What is your name? Let''s make this question really long to test word wrap.', 0),
(59, 'What is your name? Let''s make this question really long to test word wrap.', 0),
(60, 'asdf', 0),
(61, 'asdf', 0),
(62, 'asdf', 0),
(63, 'Is this a good result?', 0),
(64, 'Is this a good result?', 0),
(65, 'What is your name? Let''s make this question really long to test word wrap.', 0),
(66, 'What is your name? Let''s make this question really long to test word wrap.', 0),
(67, 'What is your name? Let''s make this question really long to test word wrap.', 0),
(68, 'Test', 0),
(69, 'What is your name? Let''s make this question really long to test word wrap.', 0),
(70, 'Question again', 0),
(71, 'Question again', 0),
(72, 'Question again', 0),
(73, 'What is your name? Let''s make this question really long to test word wrap.', 0),
(74, 'What is your name? Let''s make this question really long to test word wrap.', 0),
(75, 'What is your name? Let''s make this question really long to test word wrap.', 0),
(76, 'test question', 0),
(77, 'test question', 0),
(78, 'test question', 0),
(79, 'Test Question', 0),
(80, 'Test Question', 0),
(81, 'Test Question', 0),
(82, 'Question', 0),
(83, 'This is a question', 1),
(84, 'Which statement best summarizes the article?', 0);

-- --------------------------------------------------------

--
-- Table structure for table `revisions`
--

CREATE TABLE IF NOT EXISTS `revisions` (
  `id` int(11) NOT NULL AUTO_INCREMENT,
  `tutorial_id` int(11) NOT NULL,
  `content` mediumtext NOT NULL,
  `user_id` int(11) NOT NULL,
  `operation` varchar(40) NOT NULL,
  `timestamp` datetime DEFAULT NULL,
  `log_message` text,
  PRIMARY KEY (`id`)
) ENGINE=MyISAM  DEFAULT CHARSET=utf8 AUTO_INCREMENT=150 ;

--
-- Dumping data for table `revisions`
--

INSERT INTO `revisions` (`id`, `tutorial_id`, `content`, `user_id`, `operation`, `timestamp`, `log_message`) VALUES
(99, 5, 'a:1:{s:8:"Tutorial";a:19:{s:2:"id";s:1:"5";s:5:"title";s:21:"Tutorial with content";s:3:"url";s:30:"http://www.library.arizona.edu";s:11:"description";N;s:7:"content";s:936:"<p><img class="heading" src="tutorials/view_heading_image/chapter/Search%20the%20database" alt="" /> <img class="heading" src="tutorials/view_heading_image/step/Do%20stuff" alt="" /> For our first question, let''s do some stuff. Now, answer this question:         <img class="question" src="questions/view_image/1" alt="" /> <img class="heading" src="tutorials/view_heading_image/step/Find%20your%20result" alt="" /> Click on the second result         <img class="heading" src="tutorials/view_heading_image/chapter/Evaluate%20the%20result" alt="" /> <img class="heading" src="tutorials/view_heading_image/step/Do%20stuff" alt="" /> Now, tell me your thoughts.         <img class="question" src="questions/view_image/2" alt="" /> <img class="heading" src="tutorials/view_heading_image/step/Read%20it" alt="" /> Now, read the article.         <img class="question" src="questions/view_image/3" alt="" /> Thanks for using UAL QuickHelp!</p>";s:12:"step_through";s:1:"1";s:19:"show_startover_link";s:1:"1";s:12:"contact_name";s:0:"";s:13:"contact_email";s:0:"";s:13:"contact_phone";s:0:"";s:8:"has_form";s:1:"1";s:11:"form_method";s:14:"Lorem ipsum do";s:11:"form_action";s:26:"Lorem ipsum dolor sit amet";s:12:"submit_value";s:26:"Lorem ipsum dolor sit amet";s:9:"eval_link";s:26:"Lorem ipsum dolor sit amet";s:9:"published";s:1:"0";s:7:"created";s:19:"2010-09-17 16:00:56";s:8:"modified";s:19:"2010-12-22 12:44:50";s:7:"deleted";s:1:"0";}}', 0, 'modified', '2010-12-22 12:44:50', NULL),
(100, 5, 'a:1:{s:8:"Tutorial";a:19:{s:2:"id";s:1:"5";s:5:"title";s:21:"Tutorial with content";s:3:"url";s:30:"http://www.library.arizona.edu";s:11:"description";N;s:7:"content";s:936:"<p><img class="heading" src="tutorials/view_heading_image/chapter/Search%20the%20database" alt="" /> <img class="heading" src="tutorials/view_heading_image/step/Do%20stuff" alt="" /> For our first question, let''s do some stuff. Now, answer this question:         <img class="question" src="questions/view_image/1" alt="" /> <img class="heading" src="tutorials/view_heading_image/step/Find%20your%20result" alt="" /> Click on the second result         <img class="heading" src="tutorials/view_heading_image/chapter/Evaluate%20the%20result" alt="" /> <img class="heading" src="tutorials/view_heading_image/step/Do%20stuff" alt="" /> Now, tell me your thoughts.         <img class="question" src="questions/view_image/2" alt="" /> <img class="heading" src="tutorials/view_heading_image/step/Read%20it" alt="" /> Now, read the article.         <img class="question" src="questions/view_image/3" alt="" /> Thanks for using UAL QuickHelp!</p>";s:12:"step_through";s:1:"1";s:19:"show_startover_link";s:1:"1";s:12:"contact_name";s:0:"";s:13:"contact_email";s:0:"";s:13:"contact_phone";s:0:"";s:8:"has_form";s:1:"1";s:11:"form_method";s:14:"Lorem ipsum do";s:11:"form_action";s:26:"Lorem ipsum dolor sit amet";s:12:"submit_value";s:26:"Lorem ipsum dolor sit amet";s:9:"eval_link";s:26:"Lorem ipsum dolor sit amet";s:9:"published";s:1:"0";s:7:"created";s:19:"2010-09-17 16:00:56";s:8:"modified";s:19:"2010-12-22 12:45:11";s:7:"deleted";s:1:"0";}}', 0, 'modified', '2010-12-22 12:45:11', NULL),
(101, 5, 'a:1:{s:8:"Tutorial";a:19:{s:2:"id";s:1:"5";s:5:"title";s:21:"Tutorial with content";s:3:"url";s:30:"http://www.library.arizona.edu";s:11:"description";N;s:7:"content";s:936:"<p><img class="heading" src="tutorials/view_heading_image/chapter/Search%20the%20database" alt="" /> <img class="heading" src="tutorials/view_heading_image/step/Do%20stuff" alt="" /> For our first question, let''s do some stuff. Now, answer this question:         <img class="question" src="questions/view_image/1" alt="" /> <img class="heading" src="tutorials/view_heading_image/step/Find%20your%20result" alt="" /> Click on the second result         <img class="heading" src="tutorials/view_heading_image/chapter/Evaluate%20the%20result" alt="" /> <img class="heading" src="tutorials/view_heading_image/step/Do%20stuff" alt="" /> Now, tell me your thoughts.         <img class="question" src="questions/view_image/2" alt="" /> <img class="heading" src="tutorials/view_heading_image/step/Read%20it" alt="" /> Now, read the article.         <img class="question" src="questions/view_image/3" alt="" /> Thanks for using UAL QuickHelp!</p>";s:12:"step_through";s:1:"1";s:19:"show_startover_link";s:1:"1";s:12:"contact_name";s:0:"";s:13:"contact_email";s:0:"";s:13:"contact_phone";s:0:"";s:8:"has_form";s:1:"1";s:11:"form_method";s:14:"Lorem ipsum do";s:11:"form_action";s:26:"Lorem ipsum dolor sit amet";s:12:"submit_value";s:26:"Lorem ipsum dolor sit amet";s:9:"eval_link";s:26:"Lorem ipsum dolor sit amet";s:9:"published";s:1:"0";s:7:"created";s:19:"2010-09-17 16:00:56";s:8:"modified";s:19:"2010-12-22 12:48:46";s:7:"deleted";s:1:"0";}}', 0, 'modified', '2010-12-22 12:48:46', NULL),
(102, 5, 'b:0;', 0, 'modified', '2010-12-22 12:49:26', NULL),
(103, 5, 'a:3:{s:8:"Tutorial";a:19:{s:2:"id";s:1:"5";s:5:"title";s:21:"Tutorial with content";s:3:"url";s:30:"http://www.library.arizona.edu";s:11:"description";N;s:7:"content";s:936:"<p><img class="heading" src="tutorials/view_heading_image/chapter/Search%20the%20database" alt="" /> <img class="heading" src="tutorials/view_heading_image/step/Do%20stuff" alt="" /> For our first question, let''s do some stuff. Now, answer this question:         <img class="question" src="questions/view_image/1" alt="" /> <img class="heading" src="tutorials/view_heading_image/step/Find%20your%20result" alt="" /> Click on the second result         <img class="heading" src="tutorials/view_heading_image/chapter/Evaluate%20the%20result" alt="" /> <img class="heading" src="tutorials/view_heading_image/step/Do%20stuff" alt="" /> Now, tell me your thoughts.         <img class="question" src="questions/view_image/2" alt="" /> <img class="heading" src="tutorials/view_heading_image/step/Read%20it" alt="" /> Now, read the article.         <img class="question" src="questions/view_image/3" alt="" /> Thanks for using UAL QuickHelp!</p>";s:12:"step_through";s:1:"1";s:19:"show_startover_link";s:1:"1";s:12:"contact_name";s:0:"";s:13:"contact_email";s:0:"";s:13:"contact_phone";s:0:"";s:8:"has_form";s:1:"1";s:11:"form_method";s:14:"Lorem ipsum do";s:11:"form_action";s:26:"Lorem ipsum dolor sit amet";s:12:"submit_value";s:26:"Lorem ipsum dolor sit amet";s:9:"eval_link";s:26:"Lorem ipsum dolor sit amet";s:9:"published";s:1:"0";s:7:"created";s:19:"2010-09-17 16:00:56";s:8:"modified";s:19:"2010-12-22 12:49:34";s:7:"deleted";s:1:"0";}s:9:"FinalQuiz";a:10:{s:2:"id";s:1:"5";s:5:"title";s:19:"Quiz for tutorial 5";s:7:"content";s:28:"<p>aasdfasdfasdfasdfasdf</p>";s:11:"form_method";N;s:11:"form_action";N;s:12:"submit_value";N;s:9:"eval_link";N;s:11:"tutorial_id";s:1:"5";s:7:"created";N;s:8:"modified";s:19:"2010-12-22 12:00:41";}s:8:"Revision";a:5:{i:0;a:7:{s:2:"id";s:2:"99";s:11:"tutorial_id";s:1:"5";s:7:"content";s:1610:"a:1:{s:8:"Tutorial";a:19:{s:2:"id";s:1:"5";s:5:"title";s:21:"Tutorial with content";s:3:"url";s:30:"http://www.library.arizona.edu";s:11:"description";N;s:7:"content";s:936:"<p><img class="heading" src="tutorials/view_heading_image/chapter/Search%20the%20database" alt="" /> <img class="heading" src="tutorials/view_heading_image/step/Do%20stuff" alt="" /> For our first question, let''s do some stuff. Now, answer this question:         <img class="question" src="questions/view_image/1" alt="" /> <img class="heading" src="tutorials/view_heading_image/step/Find%20your%20result" alt="" /> Click on the second result         <img class="heading" src="tutorials/view_heading_image/chapter/Evaluate%20the%20result" alt="" /> <img class="heading" src="tutorials/view_heading_image/step/Do%20stuff" alt="" /> Now, tell me your thoughts.         <img class="question" src="questions/view_image/2" alt="" /> <img class="heading" src="tutorials/view_heading_image/step/Read%20it" alt="" /> Now, read the article.         <img class="question" src="questions/view_image/3" alt="" /> Thanks for using UAL QuickHelp!</p>";s:12:"step_through";s:1:"1";s:19:"show_startover_link";s:1:"1";s:12:"contact_name";s:0:"";s:13:"contact_email";s:0:"";s:13:"contact_phone";s:0:"";s:8:"has_form";s:1:"1";s:11:"form_method";s:14:"Lorem ipsum do";s:11:"form_action";s:26:"Lorem ipsum dolor sit amet";s:12:"submit_value";s:26:"Lorem ipsum dolor sit amet";s:9:"eval_link";s:26:"Lorem ipsum dolor sit amet";s:9:"published";s:1:"0";s:7:"created";s:19:"2010-09-17 16:00:56";s:8:"modified";s:19:"2010-12-22 12:44:50";s:7:"deleted";s:1:"0";}}";s:7:"user_id";s:1:"0";s:9:"operation";s:8:"modified";s:9:"timestamp";s:19:"2010-12-22 12:44:50";s:11:"log_message";N;}i:1;a:7:{s:2:"id";s:3:"100";s:11:"tutorial_id";s:1:"5";s:7:"content";s:1610:"a:1:{s:8:"Tutorial";a:19:{s:2:"id";s:1:"5";s:5:"title";s:21:"Tutorial with content";s:3:"url";s:30:"http://www.library.arizona.edu";s:11:"description";N;s:7:"content";s:936:"<p><img class="heading" src="tutorials/view_heading_image/chapter/Search%20the%20database" alt="" /> <img class="heading" src="tutorials/view_heading_image/step/Do%20stuff" alt="" /> For our first question, let''s do some stuff. Now, answer this question:         <img class="question" src="questions/view_image/1" alt="" /> <img class="heading" src="tutorials/view_heading_image/step/Find%20your%20result" alt="" /> Click on the second result         <img class="heading" src="tutorials/view_heading_image/chapter/Evaluate%20the%20result" alt="" /> <img class="heading" src="tutorials/view_heading_image/step/Do%20stuff" alt="" /> Now, tell me your thoughts.         <img class="question" src="questions/view_image/2" alt="" /> <img class="heading" src="tutorials/view_heading_image/step/Read%20it" alt="" /> Now, read the article.         <img class="question" src="questions/view_image/3" alt="" /> Thanks for using UAL QuickHelp!</p>";s:12:"step_through";s:1:"1";s:19:"show_startover_link";s:1:"1";s:12:"contact_name";s:0:"";s:13:"contact_email";s:0:"";s:13:"contact_phone";s:0:"";s:8:"has_form";s:1:"1";s:11:"form_method";s:14:"Lorem ipsum do";s:11:"form_action";s:26:"Lorem ipsum dolor sit amet";s:12:"submit_value";s:26:"Lorem ipsum dolor sit amet";s:9:"eval_link";s:26:"Lorem ipsum dolor sit amet";s:9:"published";s:1:"0";s:7:"created";s:19:"2010-09-17 16:00:56";s:8:"modified";s:19:"2010-12-22 12:45:11";s:7:"deleted";s:1:"0";}}";s:7:"user_id";s:1:"0";s:9:"operation";s:8:"modified";s:9:"timestamp";s:19:"2010-12-22 12:45:11";s:11:"log_message";N;}i:2;a:7:{s:2:"id";s:3:"101";s:11:"tutorial_id";s:1:"5";s:7:"content";s:1610:"a:1:{s:8:"Tutorial";a:19:{s:2:"id";s:1:"5";s:5:"title";s:21:"Tutorial with content";s:3:"url";s:30:"http://www.library.arizona.edu";s:11:"description";N;s:7:"content";s:936:"<p><img class="heading" src="tutorials/view_heading_image/chapter/Search%20the%20database" alt="" /> <img class="heading" src="tutorials/view_heading_image/step/Do%20stuff" alt="" /> For our first question, let''s do some stuff. Now, answer this question:         <img class="question" src="questions/view_image/1" alt="" /> <img class="heading" src="tutorials/view_heading_image/step/Find%20your%20result" alt="" /> Click on the second result         <img class="heading" src="tutorials/view_heading_image/chapter/Evaluate%20the%20result" alt="" /> <img class="heading" src="tutorials/view_heading_image/step/Do%20stuff" alt="" /> Now, tell me your thoughts.         <img class="question" src="questions/view_image/2" alt="" /> <img class="heading" src="tutorials/view_heading_image/step/Read%20it" alt="" /> Now, read the article.         <img class="question" src="questions/view_image/3" alt="" /> Thanks for using UAL QuickHelp!</p>";s:12:"step_through";s:1:"1";s:19:"show_startover_link";s:1:"1";s:12:"contact_name";s:0:"";s:13:"contact_email";s:0:"";s:13:"contact_phone";s:0:"";s:8:"has_form";s:1:"1";s:11:"form_method";s:14:"Lorem ipsum do";s:11:"form_action";s:26:"Lorem ipsum dolor sit amet";s:12:"submit_value";s:26:"Lorem ipsum dolor sit amet";s:9:"eval_link";s:26:"Lorem ipsum dolor sit amet";s:9:"published";s:1:"0";s:7:"created";s:19:"2010-09-17 16:00:56";s:8:"modified";s:19:"2010-12-22 12:48:46";s:7:"deleted";s:1:"0";}}";s:7:"user_id";s:1:"0";s:9:"operation";s:8:"modified";s:9:"timestamp";s:19:"2010-12-22 12:48:46";s:11:"log_message";N;}i:3;a:7:{s:2:"id";s:3:"102";s:11:"tutorial_id";s:1:"5";s:7:"content";s:4:"b:0;";s:7:"user_id";s:1:"0";s:9:"operation";s:8:"modified";s:9:"timestamp";s:19:"2010-12-22 12:49:26";s:11:"log_message";N;}i:4;a:7:{s:2:"id";s:2:"98";s:11:"tutorial_id";s:1:"5";s:7:"content";s:4:"b:0;";s:7:"user_id";s:1:"0";s:9:"operation";s:8:"modified";s:9:"timestamp";s:19:"2010-12-22 12:43:33";s:11:"log_message";N;}}}', 0, 'modified', '2010-12-22 12:49:34', NULL),
(104, 5, 'a:3:{s:8:"Tutorial";a:19:{s:2:"id";s:1:"5";s:5:"title";s:21:"Tutorial with content";s:3:"url";s:30:"http://www.library.arizona.edu";s:11:"description";N;s:7:"content";s:936:"<p><img class="heading" src="tutorials/view_heading_image/chapter/Search%20the%20database" alt="" /> <img class="heading" src="tutorials/view_heading_image/step/Do%20stuff" alt="" /> For our first question, let''s do some stuff. Now, answer this question:         <img class="question" src="questions/view_image/1" alt="" /> <img class="heading" src="tutorials/view_heading_image/step/Find%20your%20result" alt="" /> Click on the second result         <img class="heading" src="tutorials/view_heading_image/chapter/Evaluate%20the%20result" alt="" /> <img class="heading" src="tutorials/view_heading_image/step/Do%20stuff" alt="" /> Now, tell me your thoughts.         <img class="question" src="questions/view_image/2" alt="" /> <img class="heading" src="tutorials/view_heading_image/step/Read%20it" alt="" /> Now, read the article.         <img class="question" src="questions/view_image/3" alt="" /> Thanks for using UAL QuickHelp!</p>";s:12:"step_through";s:1:"1";s:19:"show_startover_link";s:1:"1";s:12:"contact_name";s:0:"";s:13:"contact_email";s:0:"";s:13:"contact_phone";s:0:"";s:8:"has_form";s:1:"1";s:11:"form_method";s:14:"Lorem ipsum do";s:11:"form_action";s:26:"Lorem ipsum dolor sit amet";s:12:"submit_value";s:26:"Lorem ipsum dolor sit amet";s:9:"eval_link";s:26:"Lorem ipsum dolor sit amet";s:9:"published";s:1:"0";s:7:"created";s:19:"2010-09-17 16:00:56";s:8:"modified";s:19:"2010-12-22 12:50:39";s:7:"deleted";s:1:"0";}s:9:"FinalQuiz";a:10:{s:2:"id";s:1:"5";s:5:"title";s:19:"Quiz for tutorial 5";s:7:"content";s:28:"<p>aasdfasdfasdfasdfasdf</p>";s:11:"form_method";N;s:11:"form_action";N;s:12:"submit_value";N;s:9:"eval_link";N;s:11:"tutorial_id";s:1:"5";s:7:"created";N;s:8:"modified";s:19:"2010-12-22 12:00:41";}s:8:"Revision";a:6:{i:0;a:7:{s:2:"id";s:2:"99";s:11:"tutorial_id";s:1:"5";s:7:"content";s:1610:"a:1:{s:8:"Tutorial";a:19:{s:2:"id";s:1:"5";s:5:"title";s:21:"Tutorial with content";s:3:"url";s:30:"http://www.library.arizona.edu";s:11:"description";N;s:7:"content";s:936:"<p><img class="heading" src="tutorials/view_heading_image/chapter/Search%20the%20database" alt="" /> <img class="heading" src="tutorials/view_heading_image/step/Do%20stuff" alt="" /> For our first question, let''s do some stuff. Now, answer this question:         <img class="question" src="questions/view_image/1" alt="" /> <img class="heading" src="tutorials/view_heading_image/step/Find%20your%20result" alt="" /> Click on the second result         <img class="heading" src="tutorials/view_heading_image/chapter/Evaluate%20the%20result" alt="" /> <img class="heading" src="tutorials/view_heading_image/step/Do%20stuff" alt="" /> Now, tell me your thoughts.         <img class="question" src="questions/view_image/2" alt="" /> <img class="heading" src="tutorials/view_heading_image/step/Read%20it" alt="" /> Now, read the article.         <img class="question" src="questions/view_image/3" alt="" /> Thanks for using UAL QuickHelp!</p>";s:12:"step_through";s:1:"1";s:19:"show_startover_link";s:1:"1";s:12:"contact_name";s:0:"";s:13:"contact_email";s:0:"";s:13:"contact_phone";s:0:"";s:8:"has_form";s:1:"1";s:11:"form_method";s:14:"Lorem ipsum do";s:11:"form_action";s:26:"Lorem ipsum dolor sit amet";s:12:"submit_value";s:26:"Lorem ipsum dolor sit amet";s:9:"eval_link";s:26:"Lorem ipsum dolor sit amet";s:9:"published";s:1:"0";s:7:"created";s:19:"2010-09-17 16:00:56";s:8:"modified";s:19:"2010-12-22 12:44:50";s:7:"deleted";s:1:"0";}}";s:7:"user_id";s:1:"0";s:9:"operation";s:8:"modified";s:9:"timestamp";s:19:"2010-12-22 12:44:50";s:11:"log_message";N;}i:1;a:7:{s:2:"id";s:3:"100";s:11:"tutorial_id";s:1:"5";s:7:"content";s:1610:"a:1:{s:8:"Tutorial";a:19:{s:2:"id";s:1:"5";s:5:"title";s:21:"Tutorial with content";s:3:"url";s:30:"http://www.library.arizona.edu";s:11:"description";N;s:7:"content";s:936:"<p><img class="heading" src="tutorials/view_heading_image/chapter/Search%20the%20database" alt="" /> <img class="heading" src="tutorials/view_heading_image/step/Do%20stuff" alt="" /> For our first question, let''s do some stuff. Now, answer this question:         <img class="question" src="questions/view_image/1" alt="" /> <img class="heading" src="tutorials/view_heading_image/step/Find%20your%20result" alt="" /> Click on the second result         <img class="heading" src="tutorials/view_heading_image/chapter/Evaluate%20the%20result" alt="" /> <img class="heading" src="tutorials/view_heading_image/step/Do%20stuff" alt="" /> Now, tell me your thoughts.         <img class="question" src="questions/view_image/2" alt="" /> <img class="heading" src="tutorials/view_heading_image/step/Read%20it" alt="" /> Now, read the article.         <img class="question" src="questions/view_image/3" alt="" /> Thanks for using UAL QuickHelp!</p>";s:12:"step_through";s:1:"1";s:19:"show_startover_link";s:1:"1";s:12:"contact_name";s:0:"";s:13:"contact_email";s:0:"";s:13:"contact_phone";s:0:"";s:8:"has_form";s:1:"1";s:11:"form_method";s:14:"Lorem ipsum do";s:11:"form_action";s:26:"Lorem ipsum dolor sit amet";s:12:"submit_value";s:26:"Lorem ipsum dolor sit amet";s:9:"eval_link";s:26:"Lorem ipsum dolor sit amet";s:9:"published";s:1:"0";s:7:"created";s:19:"2010-09-17 16:00:56";s:8:"modified";s:19:"2010-12-22 12:45:11";s:7:"deleted";s:1:"0";}}";s:7:"user_id";s:1:"0";s:9:"operation";s:8:"modified";s:9:"timestamp";s:19:"2010-12-22 12:45:11";s:11:"log_message";N;}i:2;a:7:{s:2:"id";s:3:"101";s:11:"tutorial_id";s:1:"5";s:7:"content";s:1610:"a:1:{s:8:"Tutorial";a:19:{s:2:"id";s:1:"5";s:5:"title";s:21:"Tutorial with content";s:3:"url";s:30:"http://www.library.arizona.edu";s:11:"description";N;s:7:"content";s:936:"<p><img class="heading" src="tutorials/view_heading_image/chapter/Search%20the%20database" alt="" /> <img class="heading" src="tutorials/view_heading_image/step/Do%20stuff" alt="" /> For our first question, let''s do some stuff. Now, answer this question:         <img class="question" src="questions/view_image/1" alt="" /> <img class="heading" src="tutorials/view_heading_image/step/Find%20your%20result" alt="" /> Click on the second result         <img class="heading" src="tutorials/view_heading_image/chapter/Evaluate%20the%20result" alt="" /> <img class="heading" src="tutorials/view_heading_image/step/Do%20stuff" alt="" /> Now, tell me your thoughts.         <img class="question" src="questions/view_image/2" alt="" /> <img class="heading" src="tutorials/view_heading_image/step/Read%20it" alt="" /> Now, read the article.         <img class="question" src="questions/view_image/3" alt="" /> Thanks for using UAL QuickHelp!</p>";s:12:"step_through";s:1:"1";s:19:"show_startover_link";s:1:"1";s:12:"contact_name";s:0:"";s:13:"contact_email";s:0:"";s:13:"contact_phone";s:0:"";s:8:"has_form";s:1:"1";s:11:"form_method";s:14:"Lorem ipsum do";s:11:"form_action";s:26:"Lorem ipsum dolor sit amet";s:12:"submit_value";s:26:"Lorem ipsum dolor sit amet";s:9:"eval_link";s:26:"Lorem ipsum dolor sit amet";s:9:"published";s:1:"0";s:7:"created";s:19:"2010-09-17 16:00:56";s:8:"modified";s:19:"2010-12-22 12:48:46";s:7:"deleted";s:1:"0";}}";s:7:"user_id";s:1:"0";s:9:"operation";s:8:"modified";s:9:"timestamp";s:19:"2010-12-22 12:48:46";s:11:"log_message";N;}i:3;a:7:{s:2:"id";s:3:"102";s:11:"tutorial_id";s:1:"5";s:7:"content";s:4:"b:0;";s:7:"user_id";s:1:"0";s:9:"operation";s:8:"modified";s:9:"timestamp";s:19:"2010-12-22 12:49:26";s:11:"log_message";N;}i:4;a:7:{s:2:"id";s:3:"103";s:11:"tutorial_id";s:1:"5";s:7:"content";s:7742:"a:3:{s:8:"Tutorial";a:19:{s:2:"id";s:1:"5";s:5:"title";s:21:"Tutorial with content";s:3:"url";s:30:"http://www.library.arizona.edu";s:11:"description";N;s:7:"content";s:936:"<p><img class="heading" src="tutorials/view_heading_image/chapter/Search%20the%20database" alt="" /> <img class="heading" src="tutorials/view_heading_image/step/Do%20stuff" alt="" /> For our first question, let''s do some stuff. Now, answer this question:         <img class="question" src="questions/view_image/1" alt="" /> <img class="heading" src="tutorials/view_heading_image/step/Find%20your%20result" alt="" /> Click on the second result         <img class="heading" src="tutorials/view_heading_image/chapter/Evaluate%20the%20result" alt="" /> <img class="heading" src="tutorials/view_heading_image/step/Do%20stuff" alt="" /> Now, tell me your thoughts.         <img class="question" src="questions/view_image/2" alt="" /> <img class="heading" src="tutorials/view_heading_image/step/Read%20it" alt="" /> Now, read the article.         <img class="question" src="questions/view_image/3" alt="" /> Thanks for using UAL QuickHelp!</p>";s:12:"step_through";s:1:"1";s:19:"show_startover_link";s:1:"1";s:12:"contact_name";s:0:"";s:13:"contact_email";s:0:"";s:13:"contact_phone";s:0:"";s:8:"has_form";s:1:"1";s:11:"form_method";s:14:"Lorem ipsum do";s:11:"form_action";s:26:"Lorem ipsum dolor sit amet";s:12:"submit_value";s:26:"Lorem ipsum dolor sit amet";s:9:"eval_link";s:26:"Lorem ipsum dolor sit amet";s:9:"published";s:1:"0";s:7:"created";s:19:"2010-09-17 16:00:56";s:8:"modified";s:19:"2010-12-22 12:49:34";s:7:"deleted";s:1:"0";}s:9:"FinalQuiz";a:10:{s:2:"id";s:1:"5";s:5:"title";s:19:"Quiz for tutorial 5";s:7:"content";s:28:"<p>aasdfasdfasdfasdfasdf</p>";s:11:"form_method";N;s:11:"form_action";N;s:12:"submit_value";N;s:9:"eval_link";N;s:11:"tutorial_id";s:1:"5";s:7:"created";N;s:8:"modified";s:19:"2010-12-22 12:00:41";}s:8:"Revision";a:5:{i:0;a:7:{s:2:"id";s:2:"99";s:11:"tutorial_id";s:1:"5";s:7:"content";s:1610:"a:1:{s:8:"Tutorial";a:19:{s:2:"id";s:1:"5";s:5:"title";s:21:"Tutorial with content";s:3:"url";s:30:"http://www.library.arizona.edu";s:11:"description";N;s:7:"content";s:936:"<p><img class="heading" src="tutorials/view_heading_image/chapter/Search%20the%20database" alt="" /> <img class="heading" src="tutorials/view_heading_image/step/Do%20stuff" alt="" /> For our first question, let''s do some stuff. Now, answer this question:         <img class="question" src="questions/view_image/1" alt="" /> <img class="heading" src="tutorials/view_heading_image/step/Find%20your%20result" alt="" /> Click on the second result         <img class="heading" src="tutorials/view_heading_image/chapter/Evaluate%20the%20result" alt="" /> <img class="heading" src="tutorials/view_heading_image/step/Do%20stuff" alt="" /> Now, tell me your thoughts.         <img class="question" src="questions/view_image/2" alt="" /> <img class="heading" src="tutorials/view_heading_image/step/Read%20it" alt="" /> Now, read the article.         <img class="question" src="questions/view_image/3" alt="" /> Thanks for using UAL QuickHelp!</p>";s:12:"step_through";s:1:"1";s:19:"show_startover_link";s:1:"1";s:12:"contact_name";s:0:"";s:13:"contact_email";s:0:"";s:13:"contact_phone";s:0:"";s:8:"has_form";s:1:"1";s:11:"form_method";s:14:"Lorem ipsum do";s:11:"form_action";s:26:"Lorem ipsum dolor sit amet";s:12:"submit_value";s:26:"Lorem ipsum dolor sit amet";s:9:"eval_link";s:26:"Lorem ipsum dolor sit amet";s:9:"published";s:1:"0";s:7:"created";s:19:"2010-09-17 16:00:56";s:8:"modified";s:19:"2010-12-22 12:44:50";s:7:"deleted";s:1:"0";}}";s:7:"user_id";s:1:"0";s:9:"operation";s:8:"modified";s:9:"timestamp";s:19:"2010-12-22 12:44:50";s:11:"log_message";N;}i:1;a:7:{s:2:"id";s:3:"100";s:11:"tutorial_id";s:1:"5";s:7:"content";s:1610:"a:1:{s:8:"Tutorial";a:19:{s:2:"id";s:1:"5";s:5:"title";s:21:"Tutorial with content";s:3:"url";s:30:"http://www.library.arizona.edu";s:11:"description";N;s:7:"content";s:936:"<p><img class="heading" src="tutorials/view_heading_image/chapter/Search%20the%20database" alt="" /> <img class="heading" src="tutorials/view_heading_image/step/Do%20stuff" alt="" /> For our first question, let''s do some stuff. Now, answer this question:         <img class="question" src="questions/view_image/1" alt="" /> <img class="heading" src="tutorials/view_heading_image/step/Find%20your%20result" alt="" /> Click on the second result         <img class="heading" src="tutorials/view_heading_image/chapter/Evaluate%20the%20result" alt="" /> <img class="heading" src="tutorials/view_heading_image/step/Do%20stuff" alt="" /> Now, tell me your thoughts.         <img class="question" src="questions/view_image/2" alt="" /> <img class="heading" src="tutorials/view_heading_image/step/Read%20it" alt="" /> Now, read the article.         <img class="question" src="questions/view_image/3" alt="" /> Thanks for using UAL QuickHelp!</p>";s:12:"step_through";s:1:"1";s:19:"show_startover_link";s:1:"1";s:12:"contact_name";s:0:"";s:13:"contact_email";s:0:"";s:13:"contact_phone";s:0:"";s:8:"has_form";s:1:"1";s:11:"form_method";s:14:"Lorem ipsum do";s:11:"form_action";s:26:"Lorem ipsum dolor sit amet";s:12:"submit_value";s:26:"Lorem ipsum dolor sit amet";s:9:"eval_link";s:26:"Lorem ipsum dolor sit amet";s:9:"published";s:1:"0";s:7:"created";s:19:"2010-09-17 16:00:56";s:8:"modified";s:19:"2010-12-22 12:45:11";s:7:"deleted";s:1:"0";}}";s:7:"user_id";s:1:"0";s:9:"operation";s:8:"modified";s:9:"timestamp";s:19:"2010-12-22 12:45:11";s:11:"log_message";N;}i:2;a:7:{s:2:"id";s:3:"101";s:11:"tutorial_id";s:1:"5";s:7:"content";s:1610:"a:1:{s:8:"Tutorial";a:19:{s:2:"id";s:1:"5";s:5:"title";s:21:"Tutorial with content";s:3:"url";s:30:"http://www.library.arizona.edu";s:11:"description";N;s:7:"content";s:936:"<p><img class="heading" src="tutorials/view_heading_image/chapter/Search%20the%20database" alt="" /> <img class="heading" src="tutorials/view_heading_image/step/Do%20stuff" alt="" /> For our first question, let''s do some stuff. Now, answer this question:         <img class="question" src="questions/view_image/1" alt="" /> <img class="heading" src="tutorials/view_heading_image/step/Find%20your%20result" alt="" /> Click on the second result         <img class="heading" src="tutorials/view_heading_image/chapter/Evaluate%20the%20result" alt="" /> <img class="heading" src="tutorials/view_heading_image/step/Do%20stuff" alt="" /> Now, tell me your thoughts.         <img class="question" src="questions/view_image/2" alt="" /> <img class="heading" src="tutorials/view_heading_image/step/Read%20it" alt="" /> Now, read the article.         <img class="question" src="questions/view_image/3" alt="" /> Thanks for using UAL QuickHelp!</p>";s:12:"step_through";s:1:"1";s:19:"show_startover_link";s:1:"1";s:12:"contact_name";s:0:"";s:13:"contact_email";s:0:"";s:13:"contact_phone";s:0:"";s:8:"has_form";s:1:"1";s:11:"form_method";s:14:"Lorem ipsum do";s:11:"form_action";s:26:"Lorem ipsum dolor sit amet";s:12:"submit_value";s:26:"Lorem ipsum dolor sit amet";s:9:"eval_link";s:26:"Lorem ipsum dolor sit amet";s:9:"published";s:1:"0";s:7:"created";s:19:"2010-09-17 16:00:56";s:8:"modified";s:19:"2010-12-22 12:48:46";s:7:"deleted";s:1:"0";}}";s:7:"user_id";s:1:"0";s:9:"operation";s:8:"modified";s:9:"timestamp";s:19:"2010-12-22 12:48:46";s:11:"log_message";N;}i:3;a:7:{s:2:"id";s:3:"102";s:11:"tutorial_id";s:1:"5";s:7:"content";s:4:"b:0;";s:7:"user_id";s:1:"0";s:9:"operation";s:8:"modified";s:9:"timestamp";s:19:"2010-12-22 12:49:26";s:11:"log_message";N;}i:4;a:7:{s:2:"id";s:2:"98";s:11:"tutorial_id";s:1:"5";s:7:"content";s:4:"b:0;";s:7:"user_id";s:1:"0";s:9:"operation";s:8:"modified";s:9:"timestamp";s:19:"2010-12-22 12:43:33";s:11:"log_message";N;}}}";s:7:"user_id";s:1:"0";s:9:"operation";s:8:"modified";s:9:"timestamp";s:19:"2010-12-22 12:49:34";s:11:"log_message";N;}i:5;a:7:{s:2:"id";s:2:"98";s:11:"tutorial_id";s:1:"5";s:7:"content";s:4:"b:0;";s:7:"user_id";s:1:"0";s:9:"operation";s:8:"modified";s:9:"timestamp";s:19:"2010-12-22 12:43:33";s:11:"log_message";N;}}}', 0, 'modified', '2010-12-22 12:50:39', NULL),
(105, 5, 'a:1:{s:8:"Tutorial";a:19:{s:2:"id";s:1:"5";s:5:"title";s:21:"Tutorial with content";s:3:"url";s:30:"http://www.library.arizona.edu";s:11:"description";N;s:7:"content";s:936:"<p><img class="heading" src="tutorials/view_heading_image/chapter/Search%20the%20database" alt="" /> <img class="heading" src="tutorials/view_heading_image/step/Do%20stuff" alt="" /> For our first question, let''s do some stuff. Now, answer this question:         <img class="question" src="questions/view_image/1" alt="" /> <img class="heading" src="tutorials/view_heading_image/step/Find%20your%20result" alt="" /> Click on the second result         <img class="heading" src="tutorials/view_heading_image/chapter/Evaluate%20the%20result" alt="" /> <img class="heading" src="tutorials/view_heading_image/step/Do%20stuff" alt="" /> Now, tell me your thoughts.         <img class="question" src="questions/view_image/2" alt="" /> <img class="heading" src="tutorials/view_heading_image/step/Read%20it" alt="" /> Now, read the article.         <img class="question" src="questions/view_image/3" alt="" /> Thanks for using UAL QuickHelp!</p>";s:12:"step_through";s:1:"1";s:19:"show_startover_link";s:1:"1";s:12:"contact_name";s:0:"";s:13:"contact_email";s:0:"";s:13:"contact_phone";s:0:"";s:8:"has_form";s:1:"1";s:11:"form_method";s:14:"Lorem ipsum do";s:11:"form_action";s:26:"Lorem ipsum dolor sit amet";s:12:"submit_value";s:26:"Lorem ipsum dolor sit amet";s:9:"eval_link";s:26:"Lorem ipsum dolor sit amet";s:9:"published";s:1:"0";s:7:"created";s:19:"2010-09-17 16:00:56";s:8:"modified";s:19:"2010-12-22 12:50:59";s:7:"deleted";s:1:"0";}}', 0, 'modified', '2010-12-22 12:50:59', NULL),
(106, 5, 'a:2:{s:8:"Tutorial";a:19:{s:2:"id";s:1:"5";s:5:"title";s:21:"Tutorial with content";s:3:"url";s:30:"http://www.library.arizona.edu";s:11:"description";N;s:7:"content";s:936:"<p><img class="heading" src="tutorials/view_heading_image/chapter/Search%20the%20database" alt="" /> <img class="heading" src="tutorials/view_heading_image/step/Do%20stuff" alt="" /> For our first question, let''s do some stuff. Now, answer this question:         <img class="question" src="questions/view_image/1" alt="" /> <img class="heading" src="tutorials/view_heading_image/step/Find%20your%20result" alt="" /> Click on the second result         <img class="heading" src="tutorials/view_heading_image/chapter/Evaluate%20the%20result" alt="" /> <img class="heading" src="tutorials/view_heading_image/step/Do%20stuff" alt="" /> Now, tell me your thoughts.         <img class="question" src="questions/view_image/2" alt="" /> <img class="heading" src="tutorials/view_heading_image/step/Read%20it" alt="" /> Now, read the article.         <img class="question" src="questions/view_image/3" alt="" /> Thanks for using UAL QuickHelp!</p>";s:12:"step_through";s:1:"1";s:19:"show_startover_link";s:1:"1";s:12:"contact_name";s:0:"";s:13:"contact_email";s:0:"";s:13:"contact_phone";s:0:"";s:8:"has_form";s:1:"1";s:11:"form_method";s:14:"Lorem ipsum do";s:11:"form_action";s:26:"Lorem ipsum dolor sit amet";s:12:"submit_value";s:26:"Lorem ipsum dolor sit amet";s:9:"eval_link";s:26:"Lorem ipsum dolor sit amet";s:9:"published";s:1:"0";s:7:"created";s:19:"2010-09-17 16:00:56";s:8:"modified";s:19:"2010-12-22 12:51:16";s:7:"deleted";s:1:"0";}s:9:"FinalQuiz";a:10:{s:2:"id";s:1:"5";s:5:"title";s:19:"Quiz for tutorial 5";s:7:"content";s:28:"<p>aasdfasdfasdfasdfasdf</p>";s:11:"form_method";N;s:11:"form_action";N;s:12:"submit_value";N;s:9:"eval_link";N;s:11:"tutorial_id";s:1:"5";s:7:"created";N;s:8:"modified";s:19:"2010-12-22 12:00:41";}}', 0, 'modified', '2010-12-22 12:51:16', NULL),
(107, 5, 'a:2:{s:8:"Tutorial";a:19:{s:2:"id";s:1:"5";s:5:"title";s:21:"Tutorial with content";s:3:"url";s:30:"http://www.library.arizona.edu";s:11:"description";N;s:7:"content";s:936:"<p><img class="heading" src="tutorials/view_heading_image/chapter/Search%20the%20database" alt="" /> <img class="heading" src="tutorials/view_heading_image/step/Do%20stuff" alt="" /> For our first question, let''s do some stuff. Now, answer this question:         <img class="question" src="questions/view_image/1" alt="" /> <img class="heading" src="tutorials/view_heading_image/step/Find%20your%20result" alt="" /> Click on the second result         <img class="heading" src="tutorials/view_heading_image/chapter/Evaluate%20the%20result" alt="" /> <img class="heading" src="tutorials/view_heading_image/step/Do%20stuff" alt="" /> Now, tell me your thoughts.         <img class="question" src="questions/view_image/2" alt="" /> <img class="heading" src="tutorials/view_heading_image/step/Read%20it" alt="" /> Now, read the article.         <img class="question" src="questions/view_image/3" alt="" /> Thanks for using UAL QuickHelp!</p>";s:12:"step_through";s:1:"1";s:19:"show_startover_link";s:1:"1";s:12:"contact_name";s:0:"";s:13:"contact_email";s:0:"";s:13:"contact_phone";s:0:"";s:8:"has_form";s:1:"1";s:11:"form_method";s:14:"Lorem ipsum do";s:11:"form_action";s:26:"Lorem ipsum dolor sit amet";s:12:"submit_value";s:26:"Lorem ipsum dolor sit amet";s:9:"eval_link";s:26:"Lorem ipsum dolor sit amet";s:9:"published";s:1:"0";s:7:"created";s:19:"2010-09-17 16:00:56";s:8:"modified";s:19:"2010-12-22 12:51:47";s:7:"deleted";s:1:"0";}s:9:"FinalQuiz";a:10:{s:2:"id";s:1:"5";s:5:"title";s:19:"Quiz for tutorial 5";s:7:"content";s:28:"<p>aasdfasdfasdfasdfasdf</p>";s:11:"form_method";N;s:11:"form_action";N;s:12:"submit_value";N;s:9:"eval_link";N;s:11:"tutorial_id";s:1:"5";s:7:"created";N;s:8:"modified";s:19:"2010-12-22 12:00:41";}}', 0, 'modified', '2010-12-22 12:51:47', NULL),
(108, 5, 'a:2:{s:8:"Tutorial";a:19:{s:2:"id";s:1:"5";s:5:"title";s:21:"Tutorial with content";s:3:"url";s:30:"http://www.library.arizona.edu";s:11:"description";N;s:7:"content";s:936:"<p><img class="heading" src="tutorials/view_heading_image/chapter/Search%20the%20database" alt="" /> <img class="heading" src="tutorials/view_heading_image/step/Do%20stuff" alt="" /> For our first question, let''s do some stuff. Now, answer this question:         <img class="question" src="questions/view_image/1" alt="" /> <img class="heading" src="tutorials/view_heading_image/step/Find%20your%20result" alt="" /> Click on the second result         <img class="heading" src="tutorials/view_heading_image/chapter/Evaluate%20the%20result" alt="" /> <img class="heading" src="tutorials/view_heading_image/step/Do%20stuff" alt="" /> Now, tell me your thoughts.         <img class="question" src="questions/view_image/2" alt="" /> <img class="heading" src="tutorials/view_heading_image/step/Read%20it" alt="" /> Now, read the article.         <img class="question" src="questions/view_image/3" alt="" /> Thanks for using UAL QuickHelp!</p>";s:12:"step_through";s:1:"1";s:19:"show_startover_link";s:1:"1";s:12:"contact_name";s:0:"";s:13:"contact_email";s:0:"";s:13:"contact_phone";s:0:"";s:8:"has_form";s:1:"1";s:11:"form_method";s:14:"Lorem ipsum do";s:11:"form_action";s:26:"Lorem ipsum dolor sit amet";s:12:"submit_value";s:26:"Lorem ipsum dolor sit amet";s:9:"eval_link";s:26:"Lorem ipsum dolor sit amet";s:9:"published";s:1:"0";s:7:"created";s:19:"2010-09-17 16:00:56";s:8:"modified";s:19:"2010-12-22 12:52:31";s:7:"deleted";s:1:"0";}s:9:"FinalQuiz";a:10:{s:2:"id";s:1:"5";s:5:"title";s:19:"Quiz for tutorial 5";s:7:"content";s:28:"<p>aasdfasdfasdfasdfasdf</p>";s:11:"form_method";N;s:11:"form_action";N;s:12:"submit_value";N;s:9:"eval_link";N;s:11:"tutorial_id";s:1:"5";s:7:"created";N;s:8:"modified";s:19:"2010-12-22 12:00:41";}}', 0, 'modified', '2010-12-22 12:52:31', NULL),
(109, 5, 'a:2:{s:8:"Tutorial";a:19:{s:2:"id";s:1:"5";s:5:"title";s:21:"Tutorial with content";s:3:"url";s:30:"http://www.library.arizona.edu";s:11:"description";N;s:7:"content";s:936:"<p><img class="heading" src="tutorials/view_heading_image/chapter/Search%20the%20database" alt="" /> <img class="heading" src="tutorials/view_heading_image/step/Do%20stuff" alt="" /> For our first question, let''s do some stuff. Now, answer this question:         <img class="question" src="questions/view_image/1" alt="" /> <img class="heading" src="tutorials/view_heading_image/step/Find%20your%20result" alt="" /> Click on the second result         <img class="heading" src="tutorials/view_heading_image/chapter/Evaluate%20the%20result" alt="" /> <img class="heading" src="tutorials/view_heading_image/step/Do%20stuff" alt="" /> Now, tell me your thoughts.         <img class="question" src="questions/view_image/2" alt="" /> <img class="heading" src="tutorials/view_heading_image/step/Read%20it" alt="" /> Now, read the article.         <img class="question" src="questions/view_image/3" alt="" /> Thanks for using UAL QuickHelp!</p>";s:12:"step_through";s:1:"1";s:19:"show_startover_link";s:1:"1";s:12:"contact_name";s:0:"";s:13:"contact_email";s:0:"";s:13:"contact_phone";s:0:"";s:8:"has_form";s:1:"1";s:11:"form_method";s:14:"Lorem ipsum do";s:11:"form_action";s:26:"Lorem ipsum dolor sit amet";s:12:"submit_value";s:26:"Lorem ipsum dolor sit amet";s:9:"eval_link";s:26:"Lorem ipsum dolor sit amet";s:9:"published";s:1:"0";s:7:"created";s:19:"2010-09-17 16:00:56";s:8:"modified";s:19:"2010-12-22 12:58:13";s:7:"deleted";s:1:"0";}s:9:"FinalQuiz";a:10:{s:2:"id";s:1:"5";s:5:"title";s:19:"Quiz for tutorial 5";s:7:"content";s:28:"<p>aasdfasdfasdfasdfasdf</p>";s:11:"form_method";N;s:11:"form_action";N;s:12:"submit_value";N;s:9:"eval_link";N;s:11:"tutorial_id";s:1:"5";s:7:"created";N;s:8:"modified";s:19:"2010-12-22 12:00:41";}}', 0, 'modified', '2010-12-22 12:58:13', NULL),
(110, 5, 'a:2:{s:8:"Tutorial";a:19:{s:2:"id";s:1:"5";s:5:"title";s:21:"Tutorial with content";s:3:"url";s:30:"http://www.library.arizona.edu";s:11:"description";N;s:7:"content";s:936:"<p><img class="heading" src="tutorials/view_heading_image/chapter/Search%20the%20database" alt="" /> <img class="heading" src="tutorials/view_heading_image/step/Do%20stuff" alt="" /> For our first question, let''s do some stuff. Now, answer this question:         <img class="question" src="questions/view_image/1" alt="" /> <img class="heading" src="tutorials/view_heading_image/step/Find%20your%20result" alt="" /> Click on the second result         <img class="heading" src="tutorials/view_heading_image/chapter/Evaluate%20the%20result" alt="" /> <img class="heading" src="tutorials/view_heading_image/step/Do%20stuff" alt="" /> Now, tell me your thoughts.         <img class="question" src="questions/view_image/2" alt="" /> <img class="heading" src="tutorials/view_heading_image/step/Read%20it" alt="" /> Now, read the article.         <img class="question" src="questions/view_image/3" alt="" /> Thanks for using UAL QuickHelp!</p>";s:12:"step_through";s:1:"1";s:19:"show_startover_link";s:1:"1";s:12:"contact_name";s:0:"";s:13:"contact_email";s:0:"";s:13:"contact_phone";s:0:"";s:8:"has_form";s:1:"1";s:11:"form_method";s:14:"Lorem ipsum do";s:11:"form_action";s:26:"Lorem ipsum dolor sit amet";s:12:"submit_value";s:26:"Lorem ipsum dolor sit amet";s:9:"eval_link";s:26:"Lorem ipsum dolor sit amet";s:9:"published";s:1:"0";s:7:"created";s:19:"2010-09-17 16:00:56";s:8:"modified";s:19:"2010-12-22 12:58:40";s:7:"deleted";s:1:"0";}s:9:"FinalQuiz";a:10:{s:2:"id";s:1:"5";s:5:"title";s:19:"Quiz for tutorial 5";s:7:"content";s:28:"<p>aasdfasdfasdfasdfasdf</p>";s:11:"form_method";N;s:11:"form_action";N;s:12:"submit_value";N;s:9:"eval_link";N;s:11:"tutorial_id";s:1:"5";s:7:"created";N;s:8:"modified";s:19:"2010-12-22 12:00:41";}}', 0, 'modified', '2010-12-22 12:58:40', NULL),
(111, 5, 'a:2:{s:8:"Tutorial";a:19:{s:2:"id";s:1:"5";s:5:"title";s:21:"Tutorial with content";s:3:"url";s:30:"http://www.library.arizona.edu";s:11:"description";N;s:7:"content";s:936:"<p><img class="heading" src="tutorials/view_heading_image/chapter/Search%20the%20database" alt="" /> <img class="heading" src="tutorials/view_heading_image/step/Do%20stuff" alt="" /> For our first question, let''s do some stuff. Now, answer this question:         <img class="question" src="questions/view_image/1" alt="" /> <img class="heading" src="tutorials/view_heading_image/step/Find%20your%20result" alt="" /> Click on the second result         <img class="heading" src="tutorials/view_heading_image/chapter/Evaluate%20the%20result" alt="" /> <img class="heading" src="tutorials/view_heading_image/step/Do%20stuff" alt="" /> Now, tell me your thoughts.         <img class="question" src="questions/view_image/2" alt="" /> <img class="heading" src="tutorials/view_heading_image/step/Read%20it" alt="" /> Now, read the article.         <img class="question" src="questions/view_image/3" alt="" /> Thanks for using UAL QuickHelp!</p>";s:12:"step_through";s:1:"1";s:19:"show_startover_link";s:1:"1";s:12:"contact_name";s:0:"";s:13:"contact_email";s:0:"";s:13:"contact_phone";s:0:"";s:8:"has_form";s:1:"1";s:11:"form_method";s:14:"Lorem ipsum do";s:11:"form_action";s:26:"Lorem ipsum dolor sit amet";s:12:"submit_value";s:26:"Lorem ipsum dolor sit amet";s:9:"eval_link";s:26:"Lorem ipsum dolor sit amet";s:9:"published";s:1:"0";s:7:"created";s:19:"2010-09-17 16:00:56";s:8:"modified";s:19:"2010-12-22 12:59:59";s:7:"deleted";s:1:"0";}s:9:"FinalQuiz";a:10:{s:2:"id";s:1:"5";s:5:"title";s:19:"Quiz for tutorial 5";s:7:"content";s:28:"<p>aasdfasdfasdfasdfasdf</p>";s:11:"form_method";N;s:11:"form_action";N;s:12:"submit_value";N;s:9:"eval_link";N;s:11:"tutorial_id";s:1:"5";s:7:"created";N;s:8:"modified";s:19:"2010-12-22 12:00:41";}}', 0, 'modified', '2010-12-22 12:59:59', NULL),
(112, 5, 'a:2:{s:8:"Tutorial";a:19:{s:2:"id";s:1:"5";s:5:"title";s:21:"Tutorial with content";s:3:"url";s:30:"http://www.library.arizona.edu";s:11:"description";N;s:7:"content";s:936:"<p><img class="heading" src="tutorials/view_heading_image/chapter/Search%20the%20database" alt="" /> <img class="heading" src="tutorials/view_heading_image/step/Do%20stuff" alt="" /> For our first question, let''s do some stuff. Now, answer this question:         <img class="question" src="questions/view_image/1" alt="" /> <img class="heading" src="tutorials/view_heading_image/step/Find%20your%20result" alt="" /> Click on the second result         <img class="heading" src="tutorials/view_heading_image/chapter/Evaluate%20the%20result" alt="" /> <img class="heading" src="tutorials/view_heading_image/step/Do%20stuff" alt="" /> Now, tell me your thoughts.         <img class="question" src="questions/view_image/2" alt="" /> <img class="heading" src="tutorials/view_heading_image/step/Read%20it" alt="" /> Now, read the article.         <img class="question" src="questions/view_image/3" alt="" /> Thanks for using UAL QuickHelp!</p>";s:12:"step_through";s:1:"1";s:19:"show_startover_link";s:1:"1";s:12:"contact_name";s:0:"";s:13:"contact_email";s:0:"";s:13:"contact_phone";s:0:"";s:8:"has_form";s:1:"1";s:11:"form_method";s:14:"Lorem ipsum do";s:11:"form_action";s:26:"Lorem ipsum dolor sit amet";s:12:"submit_value";s:26:"Lorem ipsum dolor sit amet";s:9:"eval_link";s:26:"Lorem ipsum dolor sit amet";s:9:"published";s:1:"0";s:7:"created";s:19:"2010-09-17 16:00:56";s:8:"modified";s:19:"2010-12-22 13:12:26";s:7:"deleted";s:1:"0";}s:9:"FinalQuiz";a:10:{s:2:"id";s:1:"5";s:5:"title";s:19:"Quiz for tutorial 5";s:7:"content";s:28:"<p>aasdfasdfasdfasdfasdf</p>";s:11:"form_method";N;s:11:"form_action";N;s:12:"submit_value";N;s:9:"eval_link";N;s:11:"tutorial_id";s:1:"5";s:7:"created";N;s:8:"modified";s:19:"2010-12-22 12:00:41";}}', 0, 'modified', '2010-12-22 13:12:26', 'fghjfgjh'),
(113, 5, 'a:2:{s:8:"Tutorial";a:19:{s:2:"id";s:1:"5";s:5:"title";s:21:"Tutorial with content";s:3:"url";s:30:"http://www.library.arizona.edu";s:11:"description";N;s:7:"content";s:936:"<p><img class="heading" src="tutorials/view_heading_image/chapter/Search%20the%20database" alt="" /> <img class="heading" src="tutorials/view_heading_image/step/Do%20stuff" alt="" /> For our first question, let''s do some stuff. Now, answer this question:         <img class="question" src="questions/view_image/1" alt="" /> <img class="heading" src="tutorials/view_heading_image/step/Find%20your%20result" alt="" /> Click on the second result         <img class="heading" src="tutorials/view_heading_image/chapter/Evaluate%20the%20result" alt="" /> <img class="heading" src="tutorials/view_heading_image/step/Do%20stuff" alt="" /> Now, tell me your thoughts.         <img class="question" src="questions/view_image/2" alt="" /> <img class="heading" src="tutorials/view_heading_image/step/Read%20it" alt="" /> Now, read the article.         <img class="question" src="questions/view_image/3" alt="" /> Thanks for using UAL QuickHelp!</p>";s:12:"step_through";s:1:"1";s:19:"show_startover_link";s:1:"1";s:12:"contact_name";s:0:"";s:13:"contact_email";s:0:"";s:13:"contact_phone";s:0:"";s:8:"has_form";s:1:"1";s:11:"form_method";s:14:"Lorem ipsum do";s:11:"form_action";s:26:"Lorem ipsum dolor sit amet";s:12:"submit_value";s:26:"Lorem ipsum dolor sit amet";s:9:"eval_link";s:26:"Lorem ipsum dolor sit amet";s:9:"published";s:1:"0";s:7:"created";s:19:"2010-09-17 16:00:56";s:8:"modified";s:19:"2010-12-22 13:12:39";s:7:"deleted";s:1:"0";}s:9:"FinalQuiz";a:10:{s:2:"id";s:1:"5";s:5:"title";s:19:"Quiz for tutorial 5";s:7:"content";s:28:"<p>aasdfasdfasdfasdfasdf</p>";s:11:"form_method";N;s:11:"form_action";N;s:12:"submit_value";N;s:9:"eval_link";N;s:11:"tutorial_id";s:1:"5";s:7:"created";N;s:8:"modified";s:19:"2010-12-22 12:00:41";}}', 0, 'modified', '2010-12-22 13:12:39', 'fghjfgjh'),
(114, 5, 'a:2:{s:8:"Tutorial";a:19:{s:2:"id";s:1:"5";s:5:"title";s:21:"Tutorial with content";s:3:"url";s:30:"http://www.library.arizona.edu";s:11:"description";N;s:7:"content";s:936:"<p><img class="heading" src="tutorials/view_heading_image/chapter/Search%20the%20database" alt="" /> <img class="heading" src="tutorials/view_heading_image/step/Do%20stuff" alt="" /> For our first question, let''s do some stuff. Now, answer this question:         <img class="question" src="questions/view_image/1" alt="" /> <img class="heading" src="tutorials/view_heading_image/step/Find%20your%20result" alt="" /> Click on the second result         <img class="heading" src="tutorials/view_heading_image/chapter/Evaluate%20the%20result" alt="" /> <img class="heading" src="tutorials/view_heading_image/step/Do%20stuff" alt="" /> Now, tell me your thoughts.         <img class="question" src="questions/view_image/2" alt="" /> <img class="heading" src="tutorials/view_heading_image/step/Read%20it" alt="" /> Now, read the article.         <img class="question" src="questions/view_image/3" alt="" /> Thanks for using UAL QuickHelp!</p>";s:12:"step_through";s:1:"1";s:19:"show_startover_link";s:1:"1";s:12:"contact_name";s:0:"";s:13:"contact_email";s:0:"";s:13:"contact_phone";s:0:"";s:8:"has_form";s:1:"1";s:11:"form_method";s:14:"Lorem ipsum do";s:11:"form_action";s:26:"Lorem ipsum dolor sit amet";s:12:"submit_value";s:26:"Lorem ipsum dolor sit amet";s:9:"eval_link";s:26:"Lorem ipsum dolor sit amet";s:9:"published";s:1:"0";s:7:"created";s:19:"2010-09-17 16:00:56";s:8:"modified";s:19:"2010-12-22 13:12:39";s:7:"deleted";s:1:"0";}s:9:"FinalQuiz";a:10:{s:2:"id";s:1:"5";s:5:"title";s:19:"Quiz for tutorial 5";s:7:"content";s:28:"<p>aasdfasdfasdfasdfasdf</p>";s:11:"form_method";N;s:11:"form_action";N;s:12:"submit_value";N;s:9:"eval_link";N;s:11:"tutorial_id";s:1:"5";s:7:"created";N;s:8:"modified";s:19:"2010-12-22 12:00:41";}}', 0, 'modified', '2010-12-22 13:24:22', 'Restored from revision 113');
INSERT INTO `revisions` (`id`, `tutorial_id`, `content`, `user_id`, `operation`, `timestamp`, `log_message`) VALUES
(115, 5, 'a:2:{s:8:"Tutorial";a:19:{s:2:"id";s:1:"5";s:5:"title";s:21:"Tutorial with content";s:3:"url";s:30:"http://www.library.arizona.edu";s:11:"description";N;s:7:"content";s:945:"<p><img class="heading" src="tutorials/view_heading_image/chapter/Search%20the%20database" alt="" /> <img class="heading" src="tutorials/view_heading_image/step/Do%20stuff" alt="" /> Testing. For our first question, let''s do some stuff. Now, answer this question:         <img class="question" src="questions/view_image/1" alt="" /> <img class="heading" src="tutorials/view_heading_image/step/Find%20your%20result" alt="" /> Click on the second result         <img class="heading" src="tutorials/view_heading_image/chapter/Evaluate%20the%20result" alt="" /> <img class="heading" src="tutorials/view_heading_image/step/Do%20stuff" alt="" /> Now, tell me your thoughts.         <img class="question" src="questions/view_image/2" alt="" /> <img class="heading" src="tutorials/view_heading_image/step/Read%20it" alt="" /> Now, read the article.         <img class="question" src="questions/view_image/3" alt="" /> Thanks for using UAL QuickHelp!</p>";s:12:"step_through";s:1:"1";s:19:"show_startover_link";s:1:"1";s:12:"contact_name";s:0:"";s:13:"contact_email";s:0:"";s:13:"contact_phone";s:0:"";s:8:"has_form";s:1:"1";s:11:"form_method";s:14:"Lorem ipsum do";s:11:"form_action";s:26:"Lorem ipsum dolor sit amet";s:12:"submit_value";s:26:"Lorem ipsum dolor sit amet";s:9:"eval_link";s:26:"Lorem ipsum dolor sit amet";s:9:"published";s:1:"0";s:7:"created";s:19:"2010-09-17 16:00:56";s:8:"modified";s:19:"2010-12-22 13:24:51";s:7:"deleted";s:1:"0";}s:9:"FinalQuiz";a:10:{s:2:"id";s:1:"5";s:5:"title";s:19:"Quiz for tutorial 5";s:7:"content";s:28:"<p>aasdfasdfasdfasdfasdf</p>";s:11:"form_method";N;s:11:"form_action";N;s:12:"submit_value";N;s:9:"eval_link";N;s:11:"tutorial_id";s:1:"5";s:7:"created";N;s:8:"modified";s:19:"2010-12-22 12:00:41";}}', 0, 'modified', '2010-12-22 13:24:51', 'revision testing.'),
(116, 5, 'a:2:{s:8:"Tutorial";a:19:{s:2:"id";s:1:"5";s:5:"title";s:21:"Tutorial with content";s:3:"url";s:30:"http://www.library.arizona.edu";s:11:"description";N;s:7:"content";s:936:"<p><img class="heading" src="tutorials/view_heading_image/chapter/Search%20the%20database" alt="" /> <img class="heading" src="tutorials/view_heading_image/step/Do%20stuff" alt="" /> For our first question, let''s do some stuff. Now, answer this question:         <img class="question" src="questions/view_image/1" alt="" /> <img class="heading" src="tutorials/view_heading_image/step/Find%20your%20result" alt="" /> Click on the second result         <img class="heading" src="tutorials/view_heading_image/chapter/Evaluate%20the%20result" alt="" /> <img class="heading" src="tutorials/view_heading_image/step/Do%20stuff" alt="" /> Now, tell me your thoughts.         <img class="question" src="questions/view_image/2" alt="" /> <img class="heading" src="tutorials/view_heading_image/step/Read%20it" alt="" /> Now, read the article.         <img class="question" src="questions/view_image/3" alt="" /> Thanks for using UAL QuickHelp!</p>";s:12:"step_through";s:1:"1";s:19:"show_startover_link";s:1:"1";s:12:"contact_name";s:0:"";s:13:"contact_email";s:0:"";s:13:"contact_phone";s:0:"";s:8:"has_form";s:1:"1";s:11:"form_method";s:14:"Lorem ipsum do";s:11:"form_action";s:26:"Lorem ipsum dolor sit amet";s:12:"submit_value";s:26:"Lorem ipsum dolor sit amet";s:9:"eval_link";s:26:"Lorem ipsum dolor sit amet";s:9:"published";s:1:"0";s:7:"created";s:19:"2010-09-17 16:00:56";s:8:"modified";s:19:"2010-12-22 13:12:39";s:7:"deleted";s:1:"0";}s:9:"FinalQuiz";a:10:{s:2:"id";s:1:"5";s:5:"title";s:19:"Quiz for tutorial 5";s:7:"content";s:28:"<p>aasdfasdfasdfasdfasdf</p>";s:11:"form_method";N;s:11:"form_action";N;s:12:"submit_value";N;s:9:"eval_link";N;s:11:"tutorial_id";s:1:"5";s:7:"created";N;s:8:"modified";s:19:"2010-12-22 12:00:41";}}', 0, 'modified', '2010-12-22 13:25:23', 'Restored from revision 113'),
(117, 5, 'a:2:{s:8:"Tutorial";a:19:{s:2:"id";s:1:"5";s:5:"title";s:21:"Tutorial with content";s:3:"url";s:30:"http://www.library.arizona.edu";s:11:"description";N;s:7:"content";s:936:"<p><img class="heading" src="tutorials/view_heading_image/chapter/Search%20the%20database" alt="" /> <img class="heading" src="tutorials/view_heading_image/step/Do%20stuff" alt="" /> For our first question, let''s do some stuff. Now, answer this question:         <img class="question" src="questions/view_image/1" alt="" /> <img class="heading" src="tutorials/view_heading_image/step/Find%20your%20result" alt="" /> Click on the second result         <img class="heading" src="tutorials/view_heading_image/chapter/Evaluate%20the%20result" alt="" /> <img class="heading" src="tutorials/view_heading_image/step/Do%20stuff" alt="" /> Now, tell me your thoughts.         <img class="question" src="questions/view_image/2" alt="" /> <img class="heading" src="tutorials/view_heading_image/step/Read%20it" alt="" /> Now, read the article.         <img class="question" src="questions/view_image/3" alt="" /> Thanks for using UAL QuickHelp!</p>";s:12:"step_through";s:1:"1";s:19:"show_startover_link";s:1:"1";s:12:"contact_name";s:0:"";s:13:"contact_email";s:0:"";s:13:"contact_phone";s:0:"";s:8:"has_form";s:1:"1";s:11:"form_method";s:14:"Lorem ipsum do";s:11:"form_action";s:26:"Lorem ipsum dolor sit amet";s:12:"submit_value";s:26:"Lorem ipsum dolor sit amet";s:9:"eval_link";s:26:"Lorem ipsum dolor sit amet";s:9:"published";s:1:"0";s:7:"created";s:19:"2010-09-17 16:00:56";s:8:"modified";s:19:"2010-12-22 13:12:39";s:7:"deleted";s:1:"0";}s:9:"FinalQuiz";a:10:{s:2:"id";s:1:"5";s:5:"title";s:19:"Quiz for tutorial 5";s:7:"content";s:28:"<p>aasdfasdfasdfasdfasdf</p>";s:11:"form_method";N;s:11:"form_action";N;s:12:"submit_value";N;s:9:"eval_link";N;s:11:"tutorial_id";s:1:"5";s:7:"created";N;s:8:"modified";s:19:"2010-12-22 12:00:41";}}', 0, 'modified', '2010-12-22 13:33:00', 'Restored from revision 116'),
(118, 61, 'a:2:{s:8:"Tutorial";a:19:{s:2:"id";s:2:"61";s:5:"title";s:0:"";s:3:"url";s:0:"";s:11:"description";N;s:7:"content";s:0:"";s:12:"step_through";s:1:"1";s:19:"show_startover_link";s:1:"1";s:12:"contact_name";N;s:13:"contact_email";N;s:13:"contact_phone";N;s:8:"has_form";s:1:"0";s:11:"form_method";N;s:11:"form_action";N;s:12:"submit_value";s:6:"Submit";s:9:"eval_link";N;s:9:"published";s:1:"0";s:7:"created";s:19:"2010-12-22 13:33:00";s:8:"modified";s:19:"2010-12-22 13:33:00";s:7:"deleted";s:1:"0";}s:9:"FinalQuiz";a:10:{s:2:"id";N;s:5:"title";N;s:7:"content";N;s:11:"form_method";N;s:11:"form_action";N;s:12:"submit_value";N;s:9:"eval_link";N;s:11:"tutorial_id";N;s:7:"created";N;s:8:"modified";N;}}', 0, 'created', '2010-12-22 13:33:00', 'Restored from revision questions'),
(119, 62, 'a:2:{s:8:"Tutorial";a:19:{s:2:"id";s:2:"62";s:5:"title";s:0:"";s:3:"url";s:0:"";s:11:"description";N;s:7:"content";s:0:"";s:12:"step_through";s:1:"1";s:19:"show_startover_link";s:1:"1";s:12:"contact_name";N;s:13:"contact_email";N;s:13:"contact_phone";N;s:8:"has_form";s:1:"0";s:11:"form_method";N;s:11:"form_action";N;s:12:"submit_value";s:6:"Submit";s:9:"eval_link";N;s:9:"published";s:1:"0";s:7:"created";s:19:"2010-12-22 13:33:00";s:8:"modified";s:19:"2010-12-22 13:33:00";s:7:"deleted";s:1:"0";}s:9:"FinalQuiz";a:10:{s:2:"id";N;s:5:"title";N;s:7:"content";N;s:11:"form_method";N;s:11:"form_action";N;s:12:"submit_value";N;s:9:"eval_link";N;s:11:"tutorial_id";N;s:7:"created";N;s:8:"modified";N;}}', 0, 'created', '2010-12-22 13:33:00', 'Restored from revision tutorials'),
(120, 63, 'a:2:{s:8:"Tutorial";a:19:{s:2:"id";s:2:"63";s:5:"title";s:0:"";s:3:"url";s:0:"";s:11:"description";N;s:7:"content";s:0:"";s:12:"step_through";s:1:"1";s:19:"show_startover_link";s:1:"1";s:12:"contact_name";N;s:13:"contact_email";N;s:13:"contact_phone";N;s:8:"has_form";s:1:"0";s:11:"form_method";N;s:11:"form_action";N;s:12:"submit_value";s:6:"Submit";s:9:"eval_link";N;s:9:"published";s:1:"0";s:7:"created";s:19:"2010-12-22 13:33:00";s:8:"modified";s:19:"2010-12-22 13:33:00";s:7:"deleted";s:1:"0";}s:9:"FinalQuiz";a:10:{s:2:"id";N;s:5:"title";N;s:7:"content";N;s:11:"form_method";N;s:11:"form_action";N;s:12:"submit_value";N;s:9:"eval_link";N;s:11:"tutorial_id";N;s:7:"created";N;s:8:"modified";N;}}', 0, 'created', '2010-12-22 13:33:00', 'Restored from revision questions'),
(121, 64, 'a:2:{s:8:"Tutorial";a:19:{s:2:"id";s:2:"64";s:5:"title";s:0:"";s:3:"url";s:0:"";s:11:"description";N;s:7:"content";s:0:"";s:12:"step_through";s:1:"1";s:19:"show_startover_link";s:1:"1";s:12:"contact_name";N;s:13:"contact_email";N;s:13:"contact_phone";N;s:8:"has_form";s:1:"0";s:11:"form_method";N;s:11:"form_action";N;s:12:"submit_value";s:6:"Submit";s:9:"eval_link";N;s:9:"published";s:1:"0";s:7:"created";s:19:"2010-12-22 13:33:00";s:8:"modified";s:19:"2010-12-22 13:33:00";s:7:"deleted";s:1:"0";}s:9:"FinalQuiz";a:10:{s:2:"id";N;s:5:"title";N;s:7:"content";N;s:11:"form_method";N;s:11:"form_action";N;s:12:"submit_value";N;s:9:"eval_link";N;s:11:"tutorial_id";N;s:7:"created";N;s:8:"modified";N;}}', 0, 'created', '2010-12-22 13:33:00', 'Restored from revision tutorials'),
(122, 65, 'a:2:{s:8:"Tutorial";a:19:{s:2:"id";s:2:"65";s:5:"title";s:0:"";s:3:"url";s:0:"";s:11:"description";N;s:7:"content";s:0:"";s:12:"step_through";s:1:"1";s:19:"show_startover_link";s:1:"1";s:12:"contact_name";N;s:13:"contact_email";N;s:13:"contact_phone";N;s:8:"has_form";s:1:"0";s:11:"form_method";N;s:11:"form_action";N;s:12:"submit_value";s:6:"Submit";s:9:"eval_link";N;s:9:"published";s:1:"0";s:7:"created";s:19:"2010-12-22 13:33:00";s:8:"modified";s:19:"2010-12-22 13:33:00";s:7:"deleted";s:1:"0";}s:9:"FinalQuiz";a:10:{s:2:"id";N;s:5:"title";N;s:7:"content";N;s:11:"form_method";N;s:11:"form_action";N;s:12:"submit_value";N;s:9:"eval_link";N;s:11:"tutorial_id";N;s:7:"created";N;s:8:"modified";N;}}', 0, 'created', '2010-12-22 13:33:00', 'Restored from revision tutorials'),
(123, 66, 'a:2:{s:8:"Tutorial";a:19:{s:2:"id";s:2:"66";s:5:"title";s:0:"";s:3:"url";s:0:"";s:11:"description";N;s:7:"content";s:0:"";s:12:"step_through";s:1:"1";s:19:"show_startover_link";s:1:"1";s:12:"contact_name";N;s:13:"contact_email";N;s:13:"contact_phone";N;s:8:"has_form";s:1:"0";s:11:"form_method";N;s:11:"form_action";N;s:12:"submit_value";s:6:"Submit";s:9:"eval_link";N;s:9:"published";s:1:"0";s:7:"created";s:19:"2010-12-22 13:33:01";s:8:"modified";s:19:"2010-12-22 13:33:01";s:7:"deleted";s:1:"0";}s:9:"FinalQuiz";a:10:{s:2:"id";N;s:5:"title";N;s:7:"content";N;s:11:"form_method";N;s:11:"form_action";N;s:12:"submit_value";N;s:9:"eval_link";N;s:11:"tutorial_id";N;s:7:"created";N;s:8:"modified";N;}}', 0, 'created', '2010-12-22 13:33:01', 'Restored from revision tutorials'),
(124, 67, 'a:2:{s:8:"Tutorial";a:19:{s:2:"id";s:2:"67";s:5:"title";s:0:"";s:3:"url";s:0:"";s:11:"description";N;s:7:"content";s:0:"";s:12:"step_through";s:1:"1";s:19:"show_startover_link";s:1:"1";s:12:"contact_name";N;s:13:"contact_email";N;s:13:"contact_phone";N;s:8:"has_form";s:1:"0";s:11:"form_method";N;s:11:"form_action";N;s:12:"submit_value";s:6:"Submit";s:9:"eval_link";N;s:9:"published";s:1:"0";s:7:"created";s:19:"2010-12-22 13:33:01";s:8:"modified";s:19:"2010-12-22 13:33:01";s:7:"deleted";s:1:"0";}s:9:"FinalQuiz";a:10:{s:2:"id";N;s:5:"title";N;s:7:"content";N;s:11:"form_method";N;s:11:"form_action";N;s:12:"submit_value";N;s:9:"eval_link";N;s:11:"tutorial_id";N;s:7:"created";N;s:8:"modified";N;}}', 0, 'created', '2010-12-22 13:33:01', 'Restored from revision tutorials'),
(125, 68, 'a:2:{s:8:"Tutorial";a:19:{s:2:"id";s:2:"68";s:5:"title";s:0:"";s:3:"url";s:0:"";s:11:"description";N;s:7:"content";s:0:"";s:12:"step_through";s:1:"1";s:19:"show_startover_link";s:1:"1";s:12:"contact_name";N;s:13:"contact_email";N;s:13:"contact_phone";N;s:8:"has_form";s:1:"0";s:11:"form_method";N;s:11:"form_action";N;s:12:"submit_value";s:6:"Submit";s:9:"eval_link";N;s:9:"published";s:1:"0";s:7:"created";s:19:"2010-12-22 13:33:01";s:8:"modified";s:19:"2010-12-22 13:33:01";s:7:"deleted";s:1:"0";}s:9:"FinalQuiz";a:10:{s:2:"id";N;s:5:"title";N;s:7:"content";N;s:11:"form_method";N;s:11:"form_action";N;s:12:"submit_value";N;s:9:"eval_link";N;s:11:"tutorial_id";N;s:7:"created";N;s:8:"modified";N;}}', 0, 'created', '2010-12-22 13:33:01', 'Restored from revision questions'),
(126, 5, 'a:2:{s:8:"Tutorial";a:19:{s:2:"id";s:1:"5";s:5:"title";s:21:"Tutorial with content";s:3:"url";s:30:"http://www.library.arizona.edu";s:11:"description";N;s:7:"content";s:936:"<p><img class="heading" src="tutorials/view_heading_image/chapter/Search%20the%20database" alt="" /> <img class="heading" src="tutorials/view_heading_image/step/Do%20stuff" alt="" /> For our first question, let''s do some stuff. Now, answer this question:         <img class="question" src="questions/view_image/1" alt="" /> <img class="heading" src="tutorials/view_heading_image/step/Find%20your%20result" alt="" /> Click on the second result         <img class="heading" src="tutorials/view_heading_image/chapter/Evaluate%20the%20result" alt="" /> <img class="heading" src="tutorials/view_heading_image/step/Do%20stuff" alt="" /> Now, tell me your thoughts.         <img class="question" src="questions/view_image/2" alt="" /> <img class="heading" src="tutorials/view_heading_image/step/Read%20it" alt="" /> Now, read the article.         <img class="question" src="questions/view_image/3" alt="" /> Thanks for using UAL QuickHelp!</p>";s:12:"step_through";s:1:"1";s:19:"show_startover_link";s:1:"1";s:12:"contact_name";s:0:"";s:13:"contact_email";s:0:"";s:13:"contact_phone";s:0:"";s:8:"has_form";s:1:"1";s:11:"form_method";s:14:"Lorem ipsum do";s:11:"form_action";s:26:"Lorem ipsum dolor sit amet";s:12:"submit_value";s:26:"Lorem ipsum dolor sit amet";s:9:"eval_link";s:26:"Lorem ipsum dolor sit amet";s:9:"published";s:1:"0";s:7:"created";s:19:"2010-09-17 16:00:56";s:8:"modified";s:19:"2010-12-22 13:34:16";s:7:"deleted";s:1:"0";}s:9:"FinalQuiz";a:10:{s:2:"id";s:1:"5";s:5:"title";s:19:"Quiz for tutorial 5";s:7:"content";s:28:"<p>aasdfasdfasdfasdfasdf</p>";s:11:"form_method";N;s:11:"form_action";N;s:12:"submit_value";N;s:9:"eval_link";N;s:11:"tutorial_id";s:1:"5";s:7:"created";N;s:8:"modified";s:19:"2010-12-22 12:00:41";}}', 0, 'modified', '2010-12-22 13:34:16', 'Restored from revision 116'),
(127, 5, 'a:2:{s:8:"Tutorial";a:19:{s:2:"id";s:1:"5";s:5:"title";s:21:"Tutorial with content";s:3:"url";s:30:"http://www.library.arizona.edu";s:11:"description";N;s:7:"content";s:936:"<p><img class="heading" src="tutorials/view_heading_image/chapter/Search%20the%20database" alt="" /> <img class="heading" src="tutorials/view_heading_image/step/Do%20stuff" alt="" /> For our first question, let''s do some stuff. Now, answer this question:         <img class="question" src="questions/view_image/1" alt="" /> <img class="heading" src="tutorials/view_heading_image/step/Find%20your%20result" alt="" /> Click on the second result         <img class="heading" src="tutorials/view_heading_image/chapter/Evaluate%20the%20result" alt="" /> <img class="heading" src="tutorials/view_heading_image/step/Do%20stuff" alt="" /> Now, tell me your thoughts.         <img class="question" src="questions/view_image/2" alt="" /> <img class="heading" src="tutorials/view_heading_image/step/Read%20it" alt="" /> Now, read the article.         <img class="question" src="questions/view_image/3" alt="" /> Thanks for using UAL QuickHelp!</p>";s:12:"step_through";s:1:"1";s:19:"show_startover_link";s:1:"1";s:12:"contact_name";s:0:"";s:13:"contact_email";s:0:"";s:13:"contact_phone";s:0:"";s:8:"has_form";s:1:"1";s:11:"form_method";s:14:"Lorem ipsum do";s:11:"form_action";s:26:"Lorem ipsum dolor sit amet";s:12:"submit_value";s:26:"Lorem ipsum dolor sit amet";s:9:"eval_link";s:26:"Lorem ipsum dolor sit amet";s:9:"published";s:1:"0";s:7:"created";s:19:"2010-09-17 16:00:56";s:8:"modified";s:19:"2010-12-22 13:34:41";s:7:"deleted";s:1:"0";}s:9:"FinalQuiz";a:10:{s:2:"id";s:1:"5";s:5:"title";s:19:"Quiz for tutorial 5";s:7:"content";s:28:"<p>aasdfasdfasdfasdfasdf</p>";s:11:"form_method";N;s:11:"form_action";N;s:12:"submit_value";N;s:9:"eval_link";N;s:11:"tutorial_id";s:1:"5";s:7:"created";N;s:8:"modified";s:19:"2010-12-22 13:34:16";}}', 0, 'modified', '2010-12-22 13:34:41', 'Restored from revision 126'),
(128, 5, 'a:2:{s:8:"Tutorial";a:19:{s:2:"id";s:1:"5";s:5:"title";s:21:"Tutorial with content";s:3:"url";s:30:"http://www.library.arizona.edu";s:11:"description";N;s:7:"content";s:936:"<p><img class="heading" src="tutorials/view_heading_image/chapter/Search%20the%20database" alt="" /> <img class="heading" src="tutorials/view_heading_image/step/Do%20stuff" alt="" /> For our first question, let''s do some stuff. Now, answer this question:         <img class="question" src="questions/view_image/1" alt="" /> <img class="heading" src="tutorials/view_heading_image/step/Find%20your%20result" alt="" /> Click on the second result         <img class="heading" src="tutorials/view_heading_image/chapter/Evaluate%20the%20result" alt="" /> <img class="heading" src="tutorials/view_heading_image/step/Do%20stuff" alt="" /> Now, tell me your thoughts.         <img class="question" src="questions/view_image/2" alt="" /> <img class="heading" src="tutorials/view_heading_image/step/Read%20it" alt="" /> Now, read the article.         <img class="question" src="questions/view_image/3" alt="" /> Thanks for using UAL QuickHelp!</p>";s:12:"step_through";s:1:"1";s:19:"show_startover_link";s:1:"1";s:12:"contact_name";s:0:"";s:13:"contact_email";s:0:"";s:13:"contact_phone";s:0:"";s:8:"has_form";s:1:"1";s:11:"form_method";s:14:"Lorem ipsum do";s:11:"form_action";s:26:"Lorem ipsum dolor sit amet";s:12:"submit_value";s:26:"Lorem ipsum dolor sit amet";s:9:"eval_link";s:26:"Lorem ipsum dolor sit amet";s:9:"published";s:1:"0";s:7:"created";s:19:"2010-09-17 16:00:56";s:8:"modified";s:19:"2010-12-22 13:37:20";s:7:"deleted";s:1:"0";}s:9:"FinalQuiz";a:10:{s:2:"id";s:1:"5";s:5:"title";s:19:"Quiz for tutorial 5";s:7:"content";s:28:"<p>aasdfasdfasdfasdfasdf</p>";s:11:"form_method";N;s:11:"form_action";N;s:12:"submit_value";N;s:9:"eval_link";N;s:11:"tutorial_id";s:1:"5";s:7:"created";N;s:8:"modified";s:19:"2010-12-22 13:34:41";}}', 0, 'modified', '2010-12-22 13:37:20', 'Restored from revision 127'),
(129, 69, 'a:2:{s:8:"Tutorial";a:19:{s:2:"id";s:2:"69";s:5:"title";s:8:"asdfasdf";s:3:"url";s:30:"http://www.library.arizona.edu";s:11:"description";s:0:"";s:7:"content";s:0:"";s:12:"step_through";s:1:"1";s:19:"show_startover_link";s:1:"1";s:12:"contact_name";s:0:"";s:13:"contact_email";s:0:"";s:13:"contact_phone";s:0:"";s:8:"has_form";s:1:"0";s:11:"form_method";N;s:11:"form_action";N;s:12:"submit_value";s:6:"Submit";s:9:"eval_link";N;s:9:"published";s:1:"0";s:7:"created";s:19:"2010-12-22 13:37:42";s:8:"modified";s:19:"2010-12-22 13:37:42";s:7:"deleted";s:1:"0";}s:9:"FinalQuiz";a:10:{s:2:"id";N;s:5:"title";N;s:7:"content";N;s:11:"form_method";N;s:11:"form_action";N;s:12:"submit_value";N;s:9:"eval_link";N;s:11:"tutorial_id";N;s:7:"created";N;s:8:"modified";N;}}', 0, 'created', '2010-12-22 13:37:42', NULL),
(130, 69, 'a:2:{s:8:"Tutorial";a:19:{s:2:"id";s:2:"69";s:5:"title";s:8:"asdfasdf";s:3:"url";s:30:"http://www.library.arizona.edu";s:11:"description";s:0:"";s:7:"content";s:15:"<p>asdfasdf</p>";s:12:"step_through";s:1:"1";s:19:"show_startover_link";s:1:"1";s:12:"contact_name";s:0:"";s:13:"contact_email";s:0:"";s:13:"contact_phone";s:0:"";s:8:"has_form";s:1:"0";s:11:"form_method";N;s:11:"form_action";N;s:12:"submit_value";s:6:"Submit";s:9:"eval_link";N;s:9:"published";s:1:"0";s:7:"created";s:19:"2010-12-22 13:37:42";s:8:"modified";s:19:"2010-12-22 13:37:50";s:7:"deleted";s:1:"0";}s:9:"FinalQuiz";a:10:{s:2:"id";N;s:5:"title";N;s:7:"content";N;s:11:"form_method";N;s:11:"form_action";N;s:12:"submit_value";N;s:9:"eval_link";N;s:11:"tutorial_id";N;s:7:"created";N;s:8:"modified";N;}}', 0, 'modified', '2010-12-22 13:37:50', 'created'),
(131, 70, 'a:2:{s:8:"Tutorial";a:19:{s:2:"id";s:2:"70";s:5:"title";s:19:"asdfasdfasdfasdf342";s:3:"url";s:18:"http://google.com/";s:11:"description";s:0:"";s:7:"content";s:0:"";s:12:"step_through";s:1:"1";s:19:"show_startover_link";s:1:"1";s:12:"contact_name";s:4:"asdf";s:13:"contact_email";s:0:"";s:13:"contact_phone";s:0:"";s:8:"has_form";s:1:"0";s:11:"form_method";N;s:11:"form_action";N;s:12:"submit_value";s:6:"Submit";s:9:"eval_link";N;s:9:"published";s:1:"0";s:7:"created";s:19:"2010-12-22 13:39:02";s:8:"modified";s:19:"2010-12-22 13:39:02";s:7:"deleted";s:1:"0";}s:9:"FinalQuiz";a:10:{s:2:"id";N;s:5:"title";N;s:7:"content";N;s:11:"form_method";N;s:11:"form_action";N;s:12:"submit_value";N;s:9:"eval_link";N;s:11:"tutorial_id";N;s:7:"created";N;s:8:"modified";N;}}', 0, 'created', '2010-12-22 13:39:02', 'created'),
(132, 70, 'a:2:{s:8:"Tutorial";a:19:{s:2:"id";s:2:"70";s:5:"title";s:19:"asdfasdfasdfasdf342";s:3:"url";s:18:"http://google.com/";s:11:"description";s:0:"";s:7:"content";s:11:"<p>asdf</p>";s:12:"step_through";s:1:"1";s:19:"show_startover_link";s:1:"1";s:12:"contact_name";s:4:"asdf";s:13:"contact_email";s:0:"";s:13:"contact_phone";s:0:"";s:8:"has_form";s:1:"0";s:11:"form_method";N;s:11:"form_action";N;s:12:"submit_value";s:6:"Submit";s:9:"eval_link";N;s:9:"published";s:1:"0";s:7:"created";s:19:"2010-12-22 13:39:02";s:8:"modified";s:19:"2010-12-22 13:39:07";s:7:"deleted";s:1:"0";}s:9:"FinalQuiz";a:10:{s:2:"id";N;s:5:"title";N;s:7:"content";N;s:11:"form_method";N;s:11:"form_action";N;s:12:"submit_value";N;s:9:"eval_link";N;s:11:"tutorial_id";N;s:7:"created";N;s:8:"modified";N;}}', 0, 'modified', '2010-12-22 13:39:07', 'asdf'),
(133, 71, 'a:2:{s:8:"Tutorial";a:19:{s:2:"id";s:2:"71";s:5:"title";s:0:"";s:3:"url";s:0:"";s:11:"description";N;s:7:"content";s:936:"<p><img class="heading" src="tutorials/view_heading_image/chapter/Search%20the%20database" alt="" /> <img class="heading" src="tutorials/view_heading_image/step/Do%20stuff" alt="" /> For our first question, let''s do some stuff. Now, answer this question:         <img class="question" src="questions/view_image/1" alt="" /> <img class="heading" src="tutorials/view_heading_image/step/Find%20your%20result" alt="" /> Click on the second result         <img class="heading" src="tutorials/view_heading_image/chapter/Evaluate%20the%20result" alt="" /> <img class="heading" src="tutorials/view_heading_image/step/Do%20stuff" alt="" /> Now, tell me your thoughts.         <img class="question" src="questions/view_image/2" alt="" /> <img class="heading" src="tutorials/view_heading_image/step/Read%20it" alt="" /> Now, read the article.         <img class="question" src="questions/view_image/3" alt="" /> Thanks for using UAL QuickHelp!</p>";s:12:"step_through";s:1:"1";s:19:"show_startover_link";s:1:"1";s:12:"contact_name";N;s:13:"contact_email";N;s:13:"contact_phone";N;s:8:"has_form";s:1:"0";s:11:"form_method";N;s:11:"form_action";N;s:12:"submit_value";s:6:"Submit";s:9:"eval_link";N;s:9:"published";s:1:"0";s:7:"created";s:19:"2010-12-23 11:09:44";s:8:"modified";s:19:"2010-12-23 11:09:44";s:7:"deleted";s:1:"0";}s:9:"FinalQuiz";a:10:{s:2:"id";N;s:5:"title";N;s:7:"content";N;s:11:"form_method";N;s:11:"form_action";N;s:12:"submit_value";N;s:9:"eval_link";N;s:11:"tutorial_id";N;s:7:"created";N;s:8:"modified";N;}}', 0, 'created', '2010-12-23 11:09:44', 'sdfg'),
(134, 72, 'a:2:{s:8:"Tutorial";a:19:{s:2:"id";s:2:"72";s:5:"title";s:5:"JStor";s:3:"url";s:73:"http://www.library.arizona.edu/search/articles/dbfind.php?shortname=jstor";s:11:"description";s:0:"";s:7:"content";s:0:"";s:12:"step_through";s:1:"1";s:19:"show_startover_link";s:1:"1";s:12:"contact_name";s:0:"";s:13:"contact_email";s:0:"";s:13:"contact_phone";s:0:"";s:8:"has_form";s:1:"0";s:11:"form_method";N;s:11:"form_action";N;s:12:"submit_value";s:6:"Submit";s:9:"eval_link";N;s:9:"published";s:1:"0";s:7:"created";s:19:"2010-12-23 11:10:21";s:8:"modified";s:19:"2010-12-23 11:10:21";s:7:"deleted";s:1:"0";}s:9:"FinalQuiz";a:10:{s:2:"id";N;s:5:"title";N;s:7:"content";N;s:11:"form_method";N;s:11:"form_action";N;s:12:"submit_value";N;s:9:"eval_link";N;s:11:"tutorial_id";N;s:7:"created";N;s:8:"modified";N;}}', 0, 'created', '2010-12-23 11:10:21', 'created'),
(135, 12, 'a:2:{s:8:"Tutorial";a:19:{s:2:"id";s:2:"12";s:5:"title";s:4:"asdf";s:3:"url";s:30:"http://www.library.arizona.edu";s:11:"description";s:0:"";s:7:"content";s:0:"";s:12:"step_through";s:1:"1";s:19:"show_startover_link";s:1:"1";s:12:"contact_name";s:0:"";s:13:"contact_email";s:0:"";s:13:"contact_phone";s:0:"";s:8:"has_form";s:1:"0";s:11:"form_method";N;s:11:"form_action";N;s:12:"submit_value";s:6:"Submit";s:9:"eval_link";N;s:9:"published";s:1:"0";s:7:"created";s:19:"2010-11-10 12:12:41";s:8:"modified";s:19:"2010-11-10 12:12:41";s:7:"deleted";s:1:"1";}s:9:"FinalQuiz";a:10:{s:2:"id";N;s:5:"title";N;s:7:"content";N;s:11:"form_method";N;s:11:"form_action";N;s:12:"submit_value";N;s:9:"eval_link";N;s:11:"tutorial_id";N;s:7:"created";N;s:8:"modified";N;}}', 0, 'modified', '2010-12-23 15:28:08', NULL),
(136, 73, 'a:2:{s:8:"Tutorial";a:19:{s:2:"id";s:2:"73";s:5:"title";s:4:"Test";s:3:"url";s:17:"http://google.com";s:11:"description";s:0:"";s:7:"content";s:0:"";s:12:"step_through";s:1:"1";s:19:"show_startover_link";s:1:"1";s:12:"contact_name";s:0:"";s:13:"contact_email";s:0:"";s:13:"contact_phone";s:0:"";s:8:"has_form";s:1:"0";s:11:"form_method";N;s:11:"form_action";N;s:12:"submit_value";s:6:"Submit";s:9:"eval_link";N;s:9:"published";s:1:"0";s:7:"created";s:19:"2010-12-23 16:00:32";s:8:"modified";s:19:"2010-12-23 16:00:32";s:7:"deleted";s:1:"0";}s:9:"FinalQuiz";a:10:{s:2:"id";N;s:5:"title";N;s:7:"content";N;s:11:"form_method";N;s:11:"form_action";N;s:12:"submit_value";N;s:9:"eval_link";N;s:11:"tutorial_id";N;s:7:"created";N;s:8:"modified";N;}}', 0, 'created', '2010-12-23 16:00:32', 'created'),
(137, 73, 'a:2:{s:8:"Tutorial";a:19:{s:2:"id";s:2:"73";s:5:"title";s:4:"Test";s:3:"url";s:17:"http://google.com";s:11:"description";s:0:"";s:7:"content";s:88:"<p><img class="definition" src="tutorials/view_definition_image/Test/asdf" alt="" /></p>";s:12:"step_through";s:1:"1";s:19:"show_startover_link";s:1:"1";s:12:"contact_name";s:0:"";s:13:"contact_email";s:0:"";s:13:"contact_phone";s:0:"";s:8:"has_form";s:1:"0";s:11:"form_method";N;s:11:"form_action";N;s:12:"submit_value";s:6:"Submit";s:9:"eval_link";N;s:9:"published";s:1:"0";s:7:"created";s:19:"2010-12-23 16:00:32";s:8:"modified";s:19:"2010-12-23 16:00:50";s:7:"deleted";s:1:"0";}s:9:"FinalQuiz";a:10:{s:2:"id";N;s:5:"title";N;s:7:"content";N;s:11:"form_method";N;s:11:"form_action";N;s:12:"submit_value";N;s:9:"eval_link";N;s:11:"tutorial_id";N;s:7:"created";N;s:8:"modified";N;}}', 0, 'modified', '2010-12-23 16:00:50', NULL),
(138, 5, 'a:2:{s:8:"Tutorial";a:19:{s:2:"id";s:1:"5";s:5:"title";s:21:"Tutorial with content";s:3:"url";s:30:"http://www.library.arizona.edu";s:11:"description";N;s:7:"content";s:1019:"<p><img class="heading" src="tutorials/view_heading_image/chapter/Search%20the%20database" alt="" /> <img class="heading" src="tutorials/view_heading_image/step/Do%20stuff" alt="" /> For our first question, let''s do some stuff. Now, answer this question:&nbsp;<img class="definition" src="tutorials/view_definition_image/test/asdfasdf" alt="" /> <img class="question" src="questions/view_image/1" alt="" /> <img class="heading" src="tutorials/view_heading_image/step/Find%20your%20result" alt="" /> Click on the second result         <img class="heading" src="tutorials/view_heading_image/chapter/Evaluate%20the%20result" alt="" /> <img class="heading" src="tutorials/view_heading_image/step/Do%20stuff" alt="" /> Now, tell me your thoughts.         <img class="question" src="questions/view_image/2" alt="" /> <img class="heading" src="tutorials/view_heading_image/step/Read%20it" alt="" /> Now, read the article.         <img class="question" src="questions/view_image/3" alt="" /> Thanks for using UAL QuickHelp!</p>";s:12:"step_through";s:1:"1";s:19:"show_startover_link";s:1:"1";s:12:"contact_name";s:0:"";s:13:"contact_email";s:0:"";s:13:"contact_phone";s:0:"";s:8:"has_form";s:1:"1";s:11:"form_method";s:14:"Lorem ipsum do";s:11:"form_action";s:26:"Lorem ipsum dolor sit amet";s:12:"submit_value";s:26:"Lorem ipsum dolor sit amet";s:9:"eval_link";s:26:"Lorem ipsum dolor sit amet";s:9:"published";s:1:"1";s:7:"created";s:19:"2010-09-17 16:00:56";s:8:"modified";s:19:"2010-12-23 16:01:40";s:7:"deleted";s:1:"0";}s:9:"FinalQuiz";a:10:{s:2:"id";s:1:"5";s:5:"title";s:19:"Quiz for tutorial 5";s:7:"content";s:367:"<p><img class="heading" src="tutorials/view_heading_image/chapter/Chapter%201" alt="" /><img class="heading" src="tutorials/view_heading_image/step/Step%201" alt="" />Blah blah bla</p>\r\n<p><img class="question" src="questions/view_image/82" alt="" /></p>\r\n<p>h</p>\r\n<p><img class="heading" src="tutorials/view_heading_image/step/Step%202" alt="" />Blah blah again</p>";s:11:"form_method";N;s:11:"form_action";N;s:12:"submit_value";N;s:9:"eval_link";N;s:11:"tutorial_id";s:1:"5";s:7:"created";N;s:8:"modified";s:19:"2010-12-22 17:23:57";}}', 0, 'modified', '2010-12-23 16:01:40', NULL),
(139, 5, 'a:2:{s:8:"Tutorial";a:22:{s:2:"id";s:1:"5";s:5:"title";s:21:"Tutorial with content";s:3:"url";s:30:"http://www.library.arizona.edu";s:11:"description";s:0:"";s:7:"content";s:1019:"<p><img class="heading" src="tutorials/view_heading_image/chapter/Search%20the%20database" alt="" /> <img class="heading" src="tutorials/view_heading_image/step/Do%20stuff" alt="" /> For our first question, let''s do some stuff. Now, answer this question:&nbsp;<img class="definition" src="tutorials/view_definition_image/test/asdfasdf" alt="" /> <img class="question" src="questions/view_image/1" alt="" /> <img class="heading" src="tutorials/view_heading_image/step/Find%20your%20result" alt="" /> Click on the second result         <img class="heading" src="tutorials/view_heading_image/chapter/Evaluate%20the%20result" alt="" /> <img class="heading" src="tutorials/view_heading_image/step/Do%20stuff" alt="" /> Now, tell me your thoughts.         <img class="question" src="questions/view_image/2" alt="" /> <img class="heading" src="tutorials/view_heading_image/step/Read%20it" alt="" /> Now, read the article.         <img class="question" src="questions/view_image/3" alt="" /> Thanks for using UAL QuickHelp!</p>";s:11:"certificate";s:1:"1";s:17:"certificate_email";s:30:"hagedonm@u.library.arizona.edu";s:22:"certificate_email_self";s:1:"1";s:12:"step_through";s:1:"1";s:19:"show_startover_link";s:1:"1";s:12:"contact_name";s:0:"";s:13:"contact_email";s:0:"";s:13:"contact_phone";s:0:"";s:8:"has_form";s:1:"1";s:11:"form_method";s:14:"Lorem ipsum do";s:11:"form_action";s:26:"Lorem ipsum dolor sit amet";s:12:"submit_value";s:26:"Lorem ipsum dolor sit amet";s:9:"eval_link";s:26:"Lorem ipsum dolor sit amet";s:9:"published";s:1:"1";s:7:"created";s:19:"2010-09-17 16:00:56";s:8:"modified";s:19:"2010-12-28 16:49:33";s:7:"deleted";s:1:"0";}s:9:"FinalQuiz";a:14:{s:2:"id";s:1:"5";s:5:"title";s:19:"Quiz for tutorial 5";s:7:"content";s:367:"<p><img class="heading" src="tutorials/view_heading_image/chapter/Chapter%201" alt="" /><img class="heading" src="tutorials/view_heading_image/step/Step%201" alt="" />Blah blah bla</p>\r\n<p><img class="question" src="questions/view_image/82" alt="" /></p>\r\n<p>h</p>\r\n<p><img class="heading" src="tutorials/view_heading_image/step/Step%202" alt="" />Blah blah again</p>";s:11:"certificate";s:1:"1";s:17:"certificate_email";N;s:22:"certificate_email_self";s:1:"1";s:18:"certificate_grades";s:1:"1";s:11:"form_method";N;s:11:"form_action";N;s:12:"submit_value";N;s:9:"eval_link";N;s:11:"tutorial_id";s:1:"5";s:7:"created";N;s:8:"modified";s:19:"2010-12-22 17:23:57";}}', 0, 'modified', '2010-12-28 16:49:33', NULL),
(140, 5, 'a:2:{s:8:"Tutorial";a:22:{s:2:"id";s:1:"5";s:5:"title";s:21:"Tutorial with content";s:3:"url";s:30:"http://www.library.arizona.edu";s:11:"description";s:0:"";s:7:"content";s:954:"\n        <img class="heading" src="tutorials/view_heading_image/chapter/Search%20the%20database" />\n        <img class="heading" src="tutorials/view_heading_image/step/Do%20stuff" />\n        For our first question, let''s do some stuff. Now, answer this question:\n        <img class="question" src="questions/view_image/1" />\n        <img class="heading" src="tutorials/view_heading_image/step/Find%20your%20result" />\n        Click on the second result\n        <img class="heading" src="tutorials/view_heading_image/chapter/Evaluate%20the%20result" />\n        <img class="heading" src="tutorials/view_heading_image/step/Do%20stuff" />\n        Now, tell me your thoughts.\n        <img class="question" src="questions/view_image/2" />\n        <img class="heading" src="tutorials/view_heading_image/step/Read%20it" />\n        Now, read the article.\n        <img class="question" src="questions/view_image/3" />\n        Thanks for using UAL QuickHelp!\n      ";s:11:"certificate";s:1:"1";s:17:"certificate_email";s:30:"hagedonm@u.library.arizona.edu";s:22:"certificate_email_self";s:1:"1";s:12:"step_through";s:1:"1";s:19:"show_startover_link";s:1:"1";s:12:"contact_name";s:0:"";s:13:"contact_email";s:0:"";s:13:"contact_phone";s:0:"";s:8:"has_form";s:1:"1";s:11:"form_method";s:14:"Lorem ipsum do";s:11:"form_action";s:26:"Lorem ipsum dolor sit amet";s:12:"submit_value";s:26:"Lorem ipsum dolor sit amet";s:9:"eval_link";s:26:"Lorem ipsum dolor sit amet";s:9:"published";s:1:"1";s:7:"created";s:19:"2010-09-17 16:00:56";s:8:"modified";s:19:"2010-12-29 16:05:55";s:7:"deleted";s:1:"0";}s:9:"FinalQuiz";a:14:{s:2:"id";s:1:"5";s:5:"title";s:19:"Quiz for tutorial 5";s:7:"content";s:367:"<p><img class="heading" src="tutorials/view_heading_image/chapter/Chapter%201" alt="" /><img class="heading" src="tutorials/view_heading_image/step/Step%201" alt="" />Blah blah bla</p>\r\n<p><img class="question" src="questions/view_image/82" alt="" /></p>\r\n<p>h</p>\r\n<p><img class="heading" src="tutorials/view_heading_image/step/Step%202" alt="" />Blah blah again</p>";s:11:"certificate";s:1:"1";s:17:"certificate_email";N;s:22:"certificate_email_self";s:1:"1";s:18:"certificate_grades";s:1:"1";s:11:"form_method";N;s:11:"form_action";N;s:12:"submit_value";N;s:9:"eval_link";N;s:11:"tutorial_id";s:1:"5";s:7:"created";N;s:8:"modified";s:19:"2010-12-22 17:23:57";}}', 0, 'modified', '2010-12-29 16:05:55', NULL),
(141, 5, 'a:2:{s:8:"Tutorial";a:22:{s:2:"id";s:1:"5";s:5:"title";s:21:"Tutorial with content";s:3:"url";s:30:"http://www.library.arizona.edu";s:11:"description";s:0:"";s:7:"content";s:954:"\n        <img class="heading" src="tutorials/view_heading_image/chapter/Search%20the%20database" />\n        <img class="heading" src="tutorials/view_heading_image/step/Do%20stuff" />\n        For our first question, let''s do some stuff. Now, answer this question:\n        <img class="question" src="questions/view_image/1" />\n        <img class="heading" src="tutorials/view_heading_image/step/Find%20your%20result" />\n        Click on the second result\n        <img class="heading" src="tutorials/view_heading_image/chapter/Evaluate%20the%20result" />\n        <img class="heading" src="tutorials/view_heading_image/step/Do%20stuff" />\n        Now, tell me your thoughts.\n        <img class="question" src="questions/view_image/2" />\n        <img class="heading" src="tutorials/view_heading_image/step/Read%20it" />\n        Now, read the article.\n        <img class="question" src="questions/view_image/3" />\n        Thanks for using UAL QuickHelp!\n      ";s:11:"certificate";s:1:"1";s:17:"certificate_email";s:30:"hagedonm@u.library.arizona.edu";s:22:"certificate_email_self";s:1:"1";s:12:"step_through";s:1:"1";s:19:"show_startover_link";s:1:"1";s:12:"contact_name";s:0:"";s:13:"contact_email";s:0:"";s:13:"contact_phone";s:0:"";s:8:"has_form";s:1:"1";s:11:"form_method";s:14:"Lorem ipsum do";s:11:"form_action";s:26:"Lorem ipsum dolor sit amet";s:12:"submit_value";s:26:"Lorem ipsum dolor sit amet";s:9:"eval_link";s:26:"Lorem ipsum dolor sit amet";s:9:"published";s:1:"1";s:7:"created";s:19:"2010-09-17 16:00:56";s:8:"modified";s:19:"2010-12-30 15:04:44";s:7:"deleted";s:1:"0";}s:9:"FinalQuiz";a:14:{s:2:"id";s:1:"5";s:5:"title";s:19:"Quiz for tutorial 5";s:7:"content";s:437:"<p><img class="heading" src="tutorials/view_heading_image/chapter/Chapter%201" alt="" /><img class="heading" src="tutorials/view_heading_image/step/Step%201" alt="" />Blah blah bla</p>\r\n<p><img class="question" src="questions/view_image/82" alt="" /></p>\r\n<p>h</p>\r\n<p><img class="heading" src="tutorials/view_heading_image/step/Step%202" alt="" />Blah blah again</p>\r\n<p><img class="question" src="questions/view_image/83" alt="" /></p>";s:11:"certificate";s:1:"1";s:17:"certificate_email";N;s:22:"certificate_email_self";s:1:"1";s:18:"certificate_grades";s:1:"1";s:11:"form_method";N;s:11:"form_action";N;s:12:"submit_value";N;s:9:"eval_link";N;s:11:"tutorial_id";s:1:"5";s:7:"created";N;s:8:"modified";s:19:"2010-12-29 16:06:42";}}', 0, 'modified', '2010-12-30 15:04:44', NULL),
(142, 5, 'a:2:{s:8:"Tutorial";a:22:{s:2:"id";s:1:"5";s:5:"title";s:21:"Tutorial with content";s:3:"url";s:30:"http://www.library.arizona.edu";s:11:"description";s:0:"";s:7:"content";s:937:"<p><img class="heading" src="tutorials/view_heading_image/chapter/Search%20the%20database" alt="" /> <img class="heading" src="tutorials/view_heading_image/step/Do%20stuff" alt="" /> For our first question, let''s do some stuff. Now, answer this question:         <img class="question" src="questions/view_image/1" alt="" /> <img class="heading" src="tutorials/view_heading_image/step/Find%20your%20result" alt="" /> Click on the second result         <img class="heading" src="tutorials/view_heading_image/chapter/Evaluate%20the%20result" alt="" /> <img class="heading" src="tutorials/view_heading_image/step/Do%20stuff" alt="" /> Now, tell me your thoughts.         <img class="question" src="questions/view_image/2" alt="" /> <img class="heading" src="tutorials/view_heading_image/step/Read%20it" alt="" /> Now, read the article.         <img class="question" src="questions/view_image/84" alt="" /> Thanks for using UAL QuickHelp!</p>";s:11:"certificate";s:1:"1";s:17:"certificate_email";s:30:"hagedonm@u.library.arizona.edu";s:22:"certificate_email_self";s:1:"1";s:12:"step_through";s:1:"1";s:19:"show_startover_link";s:1:"1";s:12:"contact_name";s:0:"";s:13:"contact_email";s:0:"";s:13:"contact_phone";s:0:"";s:8:"has_form";s:1:"1";s:11:"form_method";s:14:"Lorem ipsum do";s:11:"form_action";s:26:"Lorem ipsum dolor sit amet";s:12:"submit_value";s:26:"Lorem ipsum dolor sit amet";s:9:"eval_link";s:26:"Lorem ipsum dolor sit amet";s:9:"published";s:1:"1";s:7:"created";s:19:"2010-09-17 16:00:56";s:8:"modified";s:19:"2010-12-30 15:05:06";s:7:"deleted";s:1:"0";}s:9:"FinalQuiz";a:14:{s:2:"id";s:1:"5";s:5:"title";s:19:"Quiz for tutorial 5";s:7:"content";s:437:"<p><img class="heading" src="tutorials/view_heading_image/chapter/Chapter%201" alt="" /><img class="heading" src="tutorials/view_heading_image/step/Step%201" alt="" />Blah blah bla</p>\r\n<p><img class="question" src="questions/view_image/82" alt="" /></p>\r\n<p>h</p>\r\n<p><img class="heading" src="tutorials/view_heading_image/step/Step%202" alt="" />Blah blah again</p>\r\n<p><img class="question" src="questions/view_image/83" alt="" /></p>";s:11:"certificate";s:1:"1";s:17:"certificate_email";N;s:22:"certificate_email_self";s:1:"1";s:18:"certificate_grades";s:1:"1";s:11:"form_method";N;s:11:"form_action";N;s:12:"submit_value";N;s:9:"eval_link";N;s:11:"tutorial_id";s:1:"5";s:7:"created";N;s:8:"modified";s:19:"2010-12-29 16:06:42";}}', 0, 'modified', '2010-12-30 15:05:06', NULL),
(143, 5, 'a:2:{s:8:"Tutorial";a:22:{s:2:"id";s:1:"5";s:5:"title";s:21:"Tutorial with content";s:3:"url";s:30:"http://www.library.arizona.edu";s:11:"description";s:0:"";s:7:"content";s:954:"\n        <img class="heading" src="tutorials/view_heading_image/chapter/Search%20the%20database" />\n        <img class="heading" src="tutorials/view_heading_image/step/Do%20stuff" />\n        For our first question, let''s do some stuff. Now, answer this question:\n        <img class="question" src="questions/view_image/1" />\n        <img class="heading" src="tutorials/view_heading_image/step/Find%20your%20result" />\n        Click on the second result\n        <img class="heading" src="tutorials/view_heading_image/chapter/Evaluate%20the%20result" />\n        <img class="heading" src="tutorials/view_heading_image/step/Do%20stuff" />\n        Now, tell me your thoughts.\n        <img class="question" src="questions/view_image/2" />\n        <img class="heading" src="tutorials/view_heading_image/step/Read%20it" />\n        Now, read the article.\n        <img class="question" src="questions/view_image/3" />\n        Thanks for using UAL QuickHelp!\n      ";s:11:"certificate";s:1:"1";s:17:"certificate_email";s:30:"hagedonm@u.library.arizona.edu";s:22:"certificate_email_self";s:1:"1";s:12:"step_through";s:1:"1";s:19:"show_startover_link";s:1:"1";s:12:"contact_name";s:0:"";s:13:"contact_email";s:0:"";s:13:"contact_phone";s:0:"";s:8:"has_form";s:1:"1";s:11:"form_method";s:14:"Lorem ipsum do";s:11:"form_action";s:26:"Lorem ipsum dolor sit amet";s:12:"submit_value";s:26:"Lorem ipsum dolor sit amet";s:9:"eval_link";s:26:"Lorem ipsum dolor sit amet";s:9:"published";s:1:"1";s:7:"created";s:19:"2010-09-17 16:00:56";s:8:"modified";s:19:"2010-12-30 15:14:27";s:7:"deleted";s:1:"0";}s:9:"FinalQuiz";a:14:{s:2:"id";s:1:"5";s:5:"title";s:19:"Quiz for tutorial 5";s:7:"content";s:437:"<p><img class="heading" src="tutorials/view_heading_image/chapter/Chapter%201" alt="" /><img class="heading" src="tutorials/view_heading_image/step/Step%201" alt="" />Blah blah bla</p>\r\n<p><img class="question" src="questions/view_image/82" alt="" /></p>\r\n<p>h</p>\r\n<p><img class="heading" src="tutorials/view_heading_image/step/Step%202" alt="" />Blah blah again</p>\r\n<p><img class="question" src="questions/view_image/83" alt="" /></p>";s:11:"certificate";s:1:"1";s:17:"certificate_email";N;s:22:"certificate_email_self";s:1:"1";s:18:"certificate_grades";s:1:"1";s:11:"form_method";N;s:11:"form_action";N;s:12:"submit_value";N;s:9:"eval_link";N;s:11:"tutorial_id";s:1:"5";s:7:"created";N;s:8:"modified";s:19:"2010-12-29 16:06:42";}}', 0, 'modified', '2010-12-30 15:14:27', NULL),
(144, 74, 'a:2:{s:8:"Tutorial";a:22:{s:2:"id";s:2:"74";s:5:"title";s:0:"";s:3:"url";s:0:"";s:11:"description";N;s:7:"content";s:0:"";s:11:"certificate";s:1:"1";s:17:"certificate_email";N;s:22:"certificate_email_self";s:1:"1";s:12:"step_through";s:1:"1";s:19:"show_startover_link";s:1:"1";s:12:"contact_name";N;s:13:"contact_email";N;s:13:"contact_phone";N;s:8:"has_form";s:1:"0";s:11:"form_method";N;s:11:"form_action";N;s:12:"submit_value";s:6:"Submit";s:9:"eval_link";N;s:9:"published";s:1:"0";s:7:"created";s:19:"2010-12-30 15:18:34";s:8:"modified";s:19:"2010-12-30 15:18:34";s:7:"deleted";s:1:"0";}s:9:"FinalQuiz";a:14:{s:2:"id";N;s:5:"title";N;s:7:"content";N;s:11:"certificate";N;s:17:"certificate_email";N;s:22:"certificate_email_self";N;s:18:"certificate_grades";N;s:11:"form_method";N;s:11:"form_action";N;s:12:"submit_value";N;s:9:"eval_link";N;s:11:"tutorial_id";N;s:7:"created";N;s:8:"modified";N;}}', 0, 'created', '2010-12-30 15:18:34', NULL),
(145, 75, 'a:2:{s:8:"Tutorial";a:22:{s:2:"id";s:2:"75";s:5:"title";s:0:"";s:3:"url";s:0:"";s:11:"description";N;s:7:"content";s:0:"";s:11:"certificate";s:1:"1";s:17:"certificate_email";N;s:22:"certificate_email_self";s:1:"1";s:12:"step_through";s:1:"1";s:19:"show_startover_link";s:1:"1";s:12:"contact_name";N;s:13:"contact_email";N;s:13:"contact_phone";N;s:8:"has_form";s:1:"0";s:11:"form_method";N;s:11:"form_action";N;s:12:"submit_value";s:6:"Submit";s:9:"eval_link";N;s:9:"published";s:1:"0";s:7:"created";s:19:"2010-12-30 15:19:05";s:8:"modified";s:19:"2010-12-30 15:19:05";s:7:"deleted";s:1:"0";}s:9:"FinalQuiz";a:14:{s:2:"id";N;s:5:"title";N;s:7:"content";N;s:11:"certificate";N;s:17:"certificate_email";N;s:22:"certificate_email_self";N;s:18:"certificate_grades";N;s:11:"form_method";N;s:11:"form_action";N;s:12:"submit_value";N;s:9:"eval_link";N;s:11:"tutorial_id";N;s:7:"created";N;s:8:"modified";N;}}', 0, 'created', '2010-12-30 15:19:05', NULL),
(146, 76, 'a:2:{s:8:"Tutorial";a:22:{s:2:"id";s:2:"76";s:5:"title";s:0:"";s:3:"url";s:0:"";s:11:"description";N;s:7:"content";s:0:"";s:11:"certificate";s:1:"1";s:17:"certificate_email";N;s:22:"certificate_email_self";s:1:"1";s:12:"step_through";s:1:"1";s:19:"show_startover_link";s:1:"1";s:12:"contact_name";N;s:13:"contact_email";N;s:13:"contact_phone";N;s:8:"has_form";s:1:"0";s:11:"form_method";N;s:11:"form_action";N;s:12:"submit_value";s:6:"Submit";s:9:"eval_link";N;s:9:"published";s:1:"0";s:7:"created";s:19:"2010-12-30 15:42:49";s:8:"modified";s:19:"2010-12-30 15:42:49";s:7:"deleted";s:1:"0";}s:9:"FinalQuiz";a:14:{s:2:"id";N;s:5:"title";N;s:7:"content";N;s:11:"certificate";N;s:17:"certificate_email";N;s:22:"certificate_email_self";N;s:18:"certificate_grades";N;s:11:"form_method";N;s:11:"form_action";N;s:12:"submit_value";N;s:9:"eval_link";N;s:11:"tutorial_id";N;s:7:"created";N;s:8:"modified";N;}}', 0, 'created', '2010-12-30 15:42:49', NULL),
(147, 5, 'a:2:{s:8:"Tutorial";a:22:{s:2:"id";s:1:"5";s:5:"title";s:21:"Tutorial with content";s:3:"url";s:30:"http://www.library.arizona.edu";s:11:"description";s:0:"";s:7:"content";s:936:"<p><img class="heading" src="tutorials/view_heading_image/chapter/Search%20the%20database" alt="" /> <img class="heading" src="tutorials/view_heading_image/step/Do%20stuff" alt="" /> For our first question, let''s do some stuff. Now, answer this question:         <img class="question" src="questions/view_image/1" alt="" /> <img class="heading" src="tutorials/view_heading_image/step/Find%20your%20result" alt="" /> Click on the second result         <img class="heading" src="tutorials/view_heading_image/chapter/Evaluate%20the%20result" alt="" /> <img class="heading" src="tutorials/view_heading_image/step/Do%20stuff" alt="" /> Now, tell me your thoughts.         <img class="question" src="questions/view_image/2" alt="" /> <img class="heading" src="tutorials/view_heading_image/step/Read%20it" alt="" /> Now, read the article.         <img class="question" src="questions/view_image/3" alt="" /> Thanks for using UAL QuickHelp!</p>";s:11:"certificate";s:1:"1";s:17:"certificate_email";s:30:"hagedonm@u.library.arizona.edu";s:22:"certificate_email_self";s:1:"1";s:12:"step_through";s:1:"1";s:19:"show_startover_link";s:1:"1";s:12:"contact_name";s:0:"";s:13:"contact_email";s:0:"";s:13:"contact_phone";s:0:"";s:8:"has_form";s:1:"1";s:11:"form_method";s:14:"Lorem ipsum do";s:11:"form_action";s:26:"Lorem ipsum dolor sit amet";s:12:"submit_value";s:26:"Lorem ipsum dolor sit amet";s:9:"eval_link";s:26:"Lorem ipsum dolor sit amet";s:9:"published";s:1:"1";s:7:"created";s:19:"2010-09-17 16:00:56";s:8:"modified";s:19:"2010-12-30 15:54:18";s:7:"deleted";s:1:"0";}s:9:"FinalQuiz";a:14:{s:2:"id";s:1:"5";s:5:"title";s:19:"Quiz for tutorial 5";s:7:"content";s:438:"<p><img class="heading" src="tutorials/view_heading_image/chapter/Chapter%201" alt="" /><img class="heading" src="tutorials/view_heading_image/step/Step%201" alt="" />1Blah blah bla</p>\r\n<p><img class="question" src="questions/view_image/82" alt="" /></p>\r\n<p>h</p>\r\n<p><img class="heading" src="tutorials/view_heading_image/step/Step%202" alt="" />Blah blah again</p>\r\n<p><img class="question" src="questions/view_image/83" alt="" /></p>";s:11:"certificate";s:1:"1";s:17:"certificate_email";N;s:22:"certificate_email_self";s:1:"1";s:18:"certificate_grades";s:1:"1";s:11:"form_method";N;s:11:"form_action";N;s:12:"submit_value";N;s:9:"eval_link";N;s:11:"tutorial_id";s:1:"5";s:7:"created";N;s:8:"modified";s:19:"2010-12-30 15:42:49";}}', 0, 'modified', '2010-12-30 15:54:18', 'asdf');
INSERT INTO `revisions` (`id`, `tutorial_id`, `content`, `user_id`, `operation`, `timestamp`, `log_message`) VALUES
(148, 5, 'a:2:{s:8:"Tutorial";a:22:{s:2:"id";s:1:"5";s:5:"title";s:21:"Tutorial with content";s:3:"url";s:30:"http://www.library.arizona.edu";s:11:"description";s:0:"";s:7:"content";s:1123:"<p><img class="heading" src="tutorials/view_heading_image/chapter/Search%20the%20database" alt="" /> <img class="heading" src="tutorials/view_heading_image/step/Do%20stuff" alt="" /> For our first question, let''s do some stuff. Now, answer this question:         <img class="question" src="questions/view_image/1" alt="" /> <img class="heading" src="tutorials/view_heading_image/step/Find%20your%20result" alt="" /> Click on the second result         <img class="definition" src="tutorials/view_definition_image/test%E2%80%A6/This%20is%20a%20test%20of%20the%20emergency%20broadcast%20system.%C3%83%C2%A2%C3%82%C2%80%C3%82%C2%A6" alt="" /><img class="heading" src="tutorials/view_heading_image/chapter/Evaluate%20the%20result" alt="" /> <img class="heading" src="tutorials/view_heading_image/step/Do%20stuff" alt="" /> Now, tell me your thoughts.         <img class="question" src="questions/view_image/2" alt="" /> <img class="heading" src="tutorials/view_heading_image/step/Read%20it" alt="" /> Now, read the article.         <img class="question" src="questions/view_image/3" alt="" /> Thanks for using UAL QuickHelp!</p>";s:11:"certificate";s:1:"1";s:17:"certificate_email";s:30:"hagedonm@u.library.arizona.edu";s:22:"certificate_email_self";s:1:"1";s:12:"step_through";s:1:"1";s:19:"show_startover_link";s:1:"1";s:12:"contact_name";s:0:"";s:13:"contact_email";s:0:"";s:13:"contact_phone";s:0:"";s:8:"has_form";s:1:"1";s:11:"form_method";s:14:"Lorem ipsum do";s:11:"form_action";s:26:"Lorem ipsum dolor sit amet";s:12:"submit_value";s:26:"Lorem ipsum dolor sit amet";s:9:"eval_link";s:26:"Lorem ipsum dolor sit amet";s:9:"published";s:1:"1";s:7:"created";s:19:"2010-09-17 16:00:56";s:8:"modified";s:19:"2010-12-30 16:12:17";s:7:"deleted";s:1:"0";}s:9:"FinalQuiz";a:14:{s:2:"id";s:1:"5";s:5:"title";s:19:"Quiz for tutorial 5";s:7:"content";s:438:"<p><img class="heading" src="tutorials/view_heading_image/chapter/Chapter%201" alt="" /><img class="heading" src="tutorials/view_heading_image/step/Step%201" alt="" />1Blah blah bla</p>\r\n<p><img class="question" src="questions/view_image/82" alt="" /></p>\r\n<p>h</p>\r\n<p><img class="heading" src="tutorials/view_heading_image/step/Step%202" alt="" />Blah blah again</p>\r\n<p><img class="question" src="questions/view_image/83" alt="" /></p>";s:11:"certificate";s:1:"1";s:17:"certificate_email";N;s:22:"certificate_email_self";s:1:"1";s:18:"certificate_grades";s:1:"1";s:11:"form_method";N;s:11:"form_action";N;s:12:"submit_value";N;s:9:"eval_link";N;s:11:"tutorial_id";s:1:"5";s:7:"created";N;s:8:"modified";s:19:"2010-12-30 15:42:49";}}', 0, 'modified', '2010-12-30 16:12:17', NULL),
(149, 5, 'a:2:{s:8:"Tutorial";a:22:{s:2:"id";s:1:"5";s:5:"title";s:21:"Tutorial with content";s:3:"url";s:30:"http://www.library.arizona.edu";s:11:"description";s:0:"";s:7:"content";s:1168:"<p><img class="heading" src="tutorials/view_heading_image/chapter/Search%20the%20database" alt="" /> <img class="heading" src="tutorials/view_heading_image/step/Do%20stuff" alt="" /> For our first question, let''s do some stuff. Now, answer this question:         <img class="question" src="questions/view_image/1" alt="" /> <img class="heading" src="tutorials/view_heading_image/step/Find%20your%20result" alt="" /> Click on the second result         <img class="definition" src="tutorials/view_definition_image/test%C3%A2%C2%80%C2%A6/This%20is%20a%20test%20of%20the%20emergency%20broadcast%20system.%C3%83%C2%83%C3%82%C2%A2%C3%83%C2%82%C3%82%C2%80%C3%83%C2%82%C3%82%C2%A6" alt="" /><img class="heading" src="tutorials/view_heading_image/chapter/Evaluate%20the%20result" alt="" /> <img class="heading" src="tutorials/view_heading_image/step/Do%20stuff" alt="" /> Now, tell me your thoughts.         <img class="question" src="questions/view_image/2" alt="" /> <img class="heading" src="tutorials/view_heading_image/step/Read%20it" alt="" /> Now, read the article.         <img class="question" src="questions/view_image/3" alt="" /> Thanks for using UAL QuickHelp!</p>";s:11:"certificate";s:1:"1";s:17:"certificate_email";s:30:"hagedonm@u.library.arizona.edu";s:22:"certificate_email_self";s:1:"1";s:12:"step_through";s:1:"1";s:19:"show_startover_link";s:1:"1";s:12:"contact_name";s:0:"";s:13:"contact_email";s:0:"";s:13:"contact_phone";s:0:"";s:8:"has_form";s:1:"1";s:11:"form_method";s:14:"Lorem ipsum do";s:11:"form_action";s:26:"Lorem ipsum dolor sit amet";s:12:"submit_value";s:26:"Lorem ipsum dolor sit amet";s:9:"eval_link";s:26:"Lorem ipsum dolor sit amet";s:9:"published";s:1:"1";s:7:"created";s:19:"2010-09-17 16:00:56";s:8:"modified";s:19:"2010-12-30 16:13:50";s:7:"deleted";s:1:"0";}s:9:"FinalQuiz";a:14:{s:2:"id";s:1:"5";s:5:"title";s:19:"Quiz for tutorial 5";s:7:"content";s:438:"<p><img class="heading" src="tutorials/view_heading_image/chapter/Chapter%201" alt="" /><img class="heading" src="tutorials/view_heading_image/step/Step%201" alt="" />1Blah blah bla</p>\r\n<p><img class="question" src="questions/view_image/82" alt="" /></p>\r\n<p>h</p>\r\n<p><img class="heading" src="tutorials/view_heading_image/step/Step%202" alt="" />Blah blah again</p>\r\n<p><img class="question" src="questions/view_image/83" alt="" /></p>";s:11:"certificate";s:1:"1";s:17:"certificate_email";N;s:22:"certificate_email_self";s:1:"1";s:18:"certificate_grades";s:1:"1";s:11:"form_method";N;s:11:"form_action";N;s:12:"submit_value";N;s:9:"eval_link";N;s:11:"tutorial_id";s:1:"5";s:7:"created";N;s:8:"modified";s:19:"2010-12-30 15:42:49";}}', 0, 'modified', '2010-12-30 16:13:50', NULL),
(98, 5, 'b:0;', 0, 'modified', '2010-12-22 12:43:33', NULL),
(97, 60, 'a:3:{s:8:"Tutorial";a:19:{s:2:"id";s:2:"60";s:5:"title";s:0:"";s:3:"url";s:0:"";s:11:"description";N;s:7:"content";s:936:"<p><img class="heading" src="tutorials/view_heading_image/chapter/Search%20the%20database" alt="" /> <img class="heading" src="tutorials/view_heading_image/step/Do%20stuff" alt="" /> For our first question, let''s do some stuff. Now, answer this question:         <img class="question" src="questions/view_image/1" alt="" /> <img class="heading" src="tutorials/view_heading_image/step/Find%20your%20result" alt="" /> Click on the second result         <img class="heading" src="tutorials/view_heading_image/chapter/Evaluate%20the%20result" alt="" /> <img class="heading" src="tutorials/view_heading_image/step/Do%20stuff" alt="" /> Now, tell me your thoughts.         <img class="question" src="questions/view_image/2" alt="" /> <img class="heading" src="tutorials/view_heading_image/step/Read%20it" alt="" /> Now, read the article.         <img class="question" src="questions/view_image/3" alt="" /> Thanks for using UAL QuickHelp!</p>";s:12:"step_through";s:1:"1";s:19:"show_startover_link";s:1:"1";s:12:"contact_name";N;s:13:"contact_email";N;s:13:"contact_phone";N;s:8:"has_form";s:1:"0";s:11:"form_method";N;s:11:"form_action";N;s:12:"submit_value";s:6:"Submit";s:9:"eval_link";N;s:9:"published";s:1:"0";s:7:"created";s:19:"2010-12-22 12:39:38";s:8:"modified";s:19:"2010-12-22 12:39:38";s:7:"deleted";s:1:"0";}s:9:"FinalQuiz";a:10:{s:2:"id";N;s:5:"title";N;s:7:"content";N;s:11:"form_method";N;s:11:"form_action";N;s:12:"submit_value";N;s:9:"eval_link";N;s:11:"tutorial_id";N;s:7:"created";N;s:8:"modified";N;}s:8:"Revision";a:0:{}}', 0, 'created', '2010-12-22 12:39:38', NULL);

-- --------------------------------------------------------

--
-- Table structure for table `roles`
--

CREATE TABLE IF NOT EXISTS `roles` (
  `id` int(11) NOT NULL AUTO_INCREMENT,
  `name` varchar(1024) NOT NULL,
  PRIMARY KEY (`id`)
) ENGINE=MyISAM  DEFAULT CHARSET=utf8 AUTO_INCREMENT=3 ;

--
-- Dumping data for table `roles`
--

INSERT INTO `roles` (`id`, `name`) VALUES
(1, 'creator'),
(2, 'admin');

-- --------------------------------------------------------

--
-- Table structure for table `tutorials`
--

CREATE TABLE IF NOT EXISTS `tutorials` (
  `id` int(11) NOT NULL AUTO_INCREMENT,
  `title` varchar(1024) NOT NULL,
  `url` varchar(1024) NOT NULL,
  `description` text,
  `content` mediumtext NOT NULL,
  `certificate` tinyint(1) NOT NULL DEFAULT '1',
  `certificate_email` varchar(255) DEFAULT NULL,
  `certificate_email_self` tinyint(1) NOT NULL DEFAULT '1',
  `step_through` tinyint(1) NOT NULL DEFAULT '1',
  `show_startover_link` tinyint(1) NOT NULL DEFAULT '1',
  `contact_name` varchar(255) DEFAULT NULL,
  `contact_email` varchar(255) DEFAULT NULL,
  `contact_phone` varchar(255) DEFAULT NULL,
  `has_form` tinyint(1) NOT NULL DEFAULT '0',
  `form_method` varchar(16) DEFAULT NULL,
  `form_action` varchar(1024) DEFAULT NULL,
  `submit_value` varchar(64) DEFAULT 'Submit',
  `eval_link` varchar(1024) DEFAULT NULL,
  `published` tinyint(1) NOT NULL,
  `created` datetime DEFAULT NULL,
  `modified` datetime DEFAULT NULL,
  `deleted` tinyint(1) NOT NULL,
  PRIMARY KEY (`id`)
) ENGINE=MyISAM  DEFAULT CHARSET=utf8 AUTO_INCREMENT=77 ;

--
-- Dumping data for table `tutorials`
--

INSERT INTO `tutorials` (`id`, `title`, `url`, `description`, `content`, `certificate`, `certificate_email`, `certificate_email_self`, `step_through`, `show_startover_link`, `contact_name`, `contact_email`, `contact_phone`, `has_form`, `form_method`, `form_action`, `submit_value`, `eval_link`, `published`, `created`, `modified`, `deleted`) VALUES
(1, 'Not deleted tutorial', 'http://google.com', NULL, 'Lorem ipsum dolor sit amet, aliquet feugiat. Convallis morbi fringilla gravida, phasellus feugiat dapibus velit nunc, pulvinar eget sollicitudin venenatis cum nullam, vivamus ut a sed, mollitia lectus. Nulla vestibulum massa neque ut et, id hendrerit sit, feugiat in taciti enim proin nibh, tempor dignissim, rhoncus duis vestibulum nunc mattis convallis.', 1, NULL, 1, 1, 1, '', '', '', 1, 'Lorem ipsum do', 'Lorem ipsum dolor sit amet', 'Lorem ipsum dolor sit amet', 'Lorem ipsum dolor sit amet', 1, '2010-09-17 16:00:56', '2010-09-17 16:00:56', 0),
(2, 'Deleted tutorial', 'http://www.library.arizona.edu', NULL, 'Lorem ipsum dolor sit amet, aliquet feugiat. Convallis morbi fringilla gravida, phasellus feugiat dapibus velit nunc, pulvinar eget sollicitudin venenatis cum nullam, vivamus ut a sed, mollitia lectus. Nulla vestibulum massa neque ut et, id hendrerit sit, feugiat in taciti enim proin nibh, tempor dignissim, rhoncus duis vestibulum nunc mattis convallis.', 1, NULL, 1, 1, 1, '', '', '', 1, 'Lorem ipsum do', 'Lorem ipsum dolor sit amet', 'Lorem ipsum dolor sit amet', 'Lorem ipsum dolor sit amet', 1, '2010-09-17 16:00:56', '2010-09-17 16:00:56', 1),
(3, 'Published tutorial', 'http://www.library.arizona.edu', NULL, 'Lorem ipsum dolor sit amet, aliquet feugiat. Convallis morbi fringilla gravida, phasellus feugiat dapibus velit nunc, pulvinar eget sollicitudin venenatis cum nullam, vivamus ut a sed, mollitia lectus. Nulla vestibulum massa neque ut et, id hendrerit sit, feugiat in taciti enim proin nibh, tempor dignissim, rhoncus duis vestibulum nunc mattis convallis.', 1, NULL, 1, 1, 1, '', '', '', 1, 'Lorem ipsum do', 'Lorem ipsum dolor sit amet', 'Lorem ipsum dolor sit amet', 'Lorem ipsum dolor sit amet', 1, '2010-09-17 16:00:56', '2010-09-17 16:00:56', 0),
(4, 'Unpublished tutorial', 'http://www.library.arizona.edu', NULL, 'Lorem ipsum dolor sit amet, aliquet feugiat. Convallis morbi fringilla gravida, phasellus feugiat dapibus velit nunc, pulvinar eget sollicitudin venenatis cum nullam, vivamus ut a sed, mollitia lectus. Nulla vestibulum massa neque ut et, id hendrerit sit, feugiat in taciti enim proin nibh, tempor dignissim, rhoncus duis vestibulum nunc mattis convallis.', 1, NULL, 1, 1, 1, '', '', '', 1, 'Lorem ipsum do', 'Lorem ipsum dolor sit amet', 'Lorem ipsum dolor sit amet', 'Lorem ipsum dolor sit amet', 0, '2010-09-17 16:00:56', '2010-09-17 16:00:56', 0),
(5, 'Tutorial with content', 'http://www.library.arizona.edu', '', '\n        <img class="heading" src="tutorials/view_heading_image/chapter/Search%20the%20database" />\n        <img class="heading" src="tutorials/view_heading_image/step/Do%20stuff" />\n        For our first question, let''s do some stuff. Now, answer this question:\n        <img class="question" src="questions/view_image/1" />\n        <img class="heading" src="tutorials/view_heading_image/step/Find%20your%20result" />\n        Click on the second result\n        <img class="heading" src="tutorials/view_heading_image/chapter/Evaluate%20the%20result" />\n        <img class="heading" src="tutorials/view_heading_image/step/Do%20stuff" />\n        Now, tell me your thoughts.\n        <img class="question" src="questions/view_image/2" />\n        <img class="heading" src="tutorials/view_heading_image/step/Read%20it" />\n        Now, read the article.\n        <img class="question" src="questions/view_image/3" />\n        Thanks for using UAL QuickHelp!\n      ', 1, 'hagedonm@u.library.arizona.edu', 1, 1, 1, '', '', '', 1, 'Lorem ipsum do', 'Lorem ipsum dolor sit amet', 'Lorem ipsum dolor sit amet', 'Lorem ipsum dolor sit amet', 1, '2010-09-17 16:00:56', '2010-09-17 16:00:56', 0),
(45, 'MeSH', 'http://www.library.arizona.edu', '', '<p><img class="heading" src="tutorials/view_heading_image/chapter/Activity%20-%20Determining%20MeSH%20Terms%20for%20an%20Article" alt="" /><span lang="en-US">\r\n<div style="margin: 0pt;"><span lang="en-US"><span style="font-family: Calibri,sans-serif; font-size: x-small;"><span style="font-size: 11pt;">(Try it: <a href="http://www.ncbi.nlm.nih.gov/pubmed/21090937" target="site-frame">http://www.ncbi.nlm.nih.gov/pubmed/21090937</a>)</span></span></span></div>\r\n<div style="margin: 0pt;"><span style="font-family: Calibri,sans-serif; font-size: x-small;"><span style="font-size: 11pt;"><span style="font-family: Times New Roman,serif; font-size: small;"><span style="font-size: 12pt;">NLM  indexers examine articles and assign the most specific MeSH heading(s)  that appropriately describes the concept(s) discussed. The indexer will assign as many MeSH  headings as appropriate to cover the topics of the article (generally 5  to 15). </span></span></span></span></div>\r\n<div style="margin: 0pt;"><span style="font-family: Calibri,sans-serif; font-size: x-small;"><span style="font-size: 11pt;">The MeSH terms that reflect the major points of the article are marked with an asterisk (*).</span></span></div>\r\n<div style="margin: 0pt;"><span style="font-family: Calibri,sans-serif; font-size: x-small;"><span style="font-size: 11pt;">&nbsp;</span></span></div>\r\n<div style="margin: 0pt;"><span style="font-family: Calibri,sans-serif; font-size: x-small;"><span style="font-size: 11pt;">Step 1. <span style="text-decoration: line-through;">Select the article of interest by clicking on the title.</span> By default when you click on the title of an article of interest from your results, it will display in Abstract view. </span></span></div>\r\n<div style="margin: 0pt;"><span style="font-family: Calibri,sans-serif; font-size: x-small;"><span style="font-size: 11pt;">&nbsp;</span></span><span lang="en-US"><span style="font-family: Calibri,sans-serif; font-size: x-small;"><span style="font-size: 11pt;"><img class="heading" src="tutorials/view_heading_image/step/" alt="" /></span></span></span></div>\r\n<div style="margin: 0pt;"><span style="font-family: Calibri,sans-serif; font-size: x-small;"><span style="font-size: 11pt;">(Try it: <a href="http://www.ncbi.nlm.nih.gov/pubmed/21090937" target="site-frame">http://www.ncbi.nlm.nih.gov/pubmed/21090937</a>) </span></span></div>\r\n<div style="margin: 0pt;"><span style="font-family: Calibri,sans-serif; font-size: x-small;"><span style="font-size: 11pt;">&nbsp;</span></span></div>\r\n<div style="margin: 0pt;"><span style="font-family: Calibri,sans-serif; font-size: x-small;"><span style="font-size: 11pt;">Step  2. Activate the drop-down menu next to Display Settings on the top left  and select MEDLINE. Then click the Apply button. Review all the entries  with the MH tag. </span></span></div>\r\n</span></p>', 1, NULL, 1, 1, 1, 'Elizabeth Kline', 'klinee@u.library.arizona.edu', '', 0, NULL, NULL, 'Submit', NULL, 1, '2010-11-30 15:47:37', '2010-11-30 15:52:16', 0),
(6, 'Tutorial with TOC', 'http://www.library.arizona.edu', NULL, '\n        <img class="heading" src="tutorials/view_heading_image/chapter/Search%20the%20database" />\n        <img class="heading" src="tutorials/view_heading_image/step/Do%20stuff" />\n        For our first question, let''s do some stuff. Now, answer this question:\n        <img class="question" src="questions/view_image/1" />\n        <img class="heading" src="tutorials/view_heading_image/step/Find%20your%20result" />\n        Click on the second result\n        <img class="heading" src="tutorials/view_heading_image/chapter/Evaluate%20the%20result" />\n        <img class="heading" src="tutorials/view_heading_image/step/Do%20stuff" />\n        Now, tell me your thoughts.\n        <img class="question" src="questions/view_image/2" />\n        <img class="heading" src="tutorials/view_heading_image/step/Read%20it" />\n        Now, read the article.\n        <img class="question" src="questions/view_image/3" />\n        Thanks for using UAL QuickHelp!\n      ', 1, NULL, 1, 1, 1, '', '', '', 1, 'Lorem ipsum do', 'Lorem ipsum dolor sit amet', 'Lorem ipsum dolor sit amet', 'Lorem ipsum dolor sit amet', 1, '2010-09-17 16:00:56', '2010-09-17 16:00:56', 0),
(7, 'Tutorial, no chapters', 'http://www.library.arizona.edu', NULL, '\n        <img class="heading" src="tutorials/view_heading_image/step/Do%20stuff" />\n        For our first question, let''s do some stuff. Now, answer this question:\n        <img class="question" src="questions/view_image/1" />\n        <img class="heading" src="tutorials/view_heading_image/step/Find%20your%20result" />\n        Click on the second result\n        <img class="heading" src="tutorials/view_heading_image/step/Do%20stuff" />\n        Now, tell me your thoughts.\n        <img class="question" src="questions/view_image/2" />\n        <img class="heading" src="tutorials/view_heading_image/step/Read%20it" />\n        Now, read the article.\n        <img class="question" src="questions/view_image/3" />\n        Thanks for using UAL QuickHelp!\n      ', 1, NULL, 1, 1, 1, '', '', '', 1, 'Lorem ipsum do', 'Lorem ipsum dolor sit amet', 'Lorem ipsum dolor sit amet', 'Lorem ipsum dolor sit amet', 1, '2010-09-17 16:00:56', '2010-09-17 16:00:56', 0),
(8, 'Tutorial, no chap/steps', 'http://www.library.arizona.edu', NULL, '\n        <img class="heading" src="tutorials/view_heading_image/chapter/Do%20stuff" />\n        For our first question, let''s do some stuff. Now, answer this question:\n        <img class="question" src="questions/view_image/1" />\n        <img class="heading" src="tutorials/view_heading_image/chapter/Find%20your%20result" />\n        Click on the second result\n        <img class="heading" src="tutorials/view_heading_image/chapter/Do%20stuff" />\n        Now, tell me your thoughts.\n        <img class="question" src="questions/view_image/2" />\n        <img class="heading" src="tutorials/view_heading_image/chapter/Read%20it" />\n        Now, read the article.\n        <img class="question" src="questions/view_image/3" />\n        Thanks for using UAL QuickHelp!\n      ', 1, NULL, 1, 1, 1, '', '', '', 1, 'Lorem ipsum do', 'Lorem ipsum dolor sit amet', 'Lorem ipsum dolor sit amet', 'Lorem ipsum dolor sit amet', 1, '2010-09-17 16:00:56', '2010-09-17 16:00:56', 0),
(9, 'Tutorial, no chap/steps', 'http://www.library.arizona.edu', NULL, '\n        For our first question, let''s do some stuff. Now, answer this question:\n        <img class="question" src="questions/view_image/1" />\n        Click on the second result\n        Now, tell me your thoughts.\n        <img class="question" src="questions/view_image/2" />\n        Now, read the article.\n        <img class="question" src="questions/view_image/3" />\n        Thanks for using UAL QuickHelp!\n      ', 1, NULL, 1, 1, 1, '', '', '', 1, 'Lorem ipsum do', 'Lorem ipsum dolor sit amet', 'Lorem ipsum dolor sit amet', 'Lorem ipsum dolor sit amet', 1, '2010-09-17 16:00:56', '2010-09-17 16:00:56', 0),
(10, 'Test', 'http://www.library.arizona.edu', '<p>Nothing</p>', '', 1, NULL, 1, 1, 1, 'Mike', '', '', 0, NULL, NULL, 'Submit', NULL, 0, '2010-11-10 12:06:54', '2010-11-10 12:06:54', 0),
(11, 'Test', 'http://www.library.arizona.edu', '', '', 1, NULL, 1, 1, 1, 'Mike', '', '', 0, NULL, NULL, 'Submit', NULL, 0, '2010-11-10 12:10:30', '2010-11-10 12:10:30', 0),
(12, 'asdf', 'http://www.library.arizona.edu', '', '', 1, NULL, 1, 1, 1, '', '', '', 0, NULL, NULL, 'Submit', NULL, 0, '2010-11-10 12:12:41', '2010-11-10 12:12:41', 1),
(13, 'asdf', 'http://www.library.arizona.edu', '', '', 1, NULL, 1, 1, 1, '', '', '', 0, NULL, NULL, 'Submit', NULL, 0, '2010-11-10 12:13:07', '2010-11-10 12:13:07', 0),
(14, 'asdf', 'http://google.com/', '', '', 1, NULL, 1, 1, 1, '', '', '', 0, NULL, NULL, 'Submit', NULL, 1, '2010-11-10 12:35:12', '2010-11-10 12:35:12', 0),
(73, 'Test', 'http://google.com', '', '<p><img class="definition" src="tutorials/view_definition_image/Test/asdf" alt="" /></p>', 1, NULL, 1, 1, 1, '', '', '', 0, NULL, NULL, 'Submit', NULL, 0, '2010-12-23 16:00:32', '2010-12-23 16:00:50', 0),
(72, 'JStor', 'http://www.library.arizona.edu/search/articles/dbfind.php?shortname=jstor', '', '', 1, NULL, 1, 1, 1, '', '', '', 0, NULL, NULL, 'Submit', NULL, 0, '2010-12-23 11:10:21', '2010-12-23 11:10:21', 0),
(71, '', '', NULL, '<p><img class="heading" src="tutorials/view_heading_image/chapter/Search%20the%20database" alt="" /> <img class="heading" src="tutorials/view_heading_image/step/Do%20stuff" alt="" /> For our first question, let''s do some stuff. Now, answer this question:         <img class="question" src="questions/view_image/1" alt="" /> <img class="heading" src="tutorials/view_heading_image/step/Find%20your%20result" alt="" /> Click on the second result         <img class="heading" src="tutorials/view_heading_image/chapter/Evaluate%20the%20result" alt="" /> <img class="heading" src="tutorials/view_heading_image/step/Do%20stuff" alt="" /> Now, tell me your thoughts.         <img class="question" src="questions/view_image/2" alt="" /> <img class="heading" src="tutorials/view_heading_image/step/Read%20it" alt="" /> Now, read the article.         <img class="question" src="questions/view_image/3" alt="" /> Thanks for using UAL QuickHelp!</p>', 1, NULL, 1, 1, 1, NULL, NULL, NULL, 0, NULL, NULL, 'Submit', NULL, 0, '2010-12-23 11:09:44', '2010-12-23 11:09:44', 0),
(70, 'asdfasdfasdfasdf342', 'http://google.com/', '', '<p>asdf</p>', 1, NULL, 1, 1, 1, 'asdf', '', '', 0, NULL, NULL, 'Submit', NULL, 0, '2010-12-22 13:39:02', '2010-12-22 13:39:07', 0),
(69, 'asdfasdf', 'http://www.library.arizona.edu', '', '<p>asdfasdf</p>', 1, NULL, 1, 1, 1, '', '', '', 0, NULL, NULL, 'Submit', NULL, 0, '2010-12-22 13:37:42', '2010-12-22 13:37:50', 0),
(74, '', '', NULL, '', 1, NULL, 1, 1, 1, NULL, NULL, NULL, 0, NULL, NULL, 'Submit', NULL, 0, '2010-12-30 15:18:34', '2010-12-30 15:18:34', 0),
(75, '', '', NULL, '', 1, NULL, 1, 1, 1, NULL, NULL, NULL, 0, NULL, NULL, 'Submit', NULL, 0, '2010-12-30 15:19:05', '2010-12-30 15:19:05', 0),
(76, '', '', NULL, '', 1, NULL, 1, 1, 1, NULL, NULL, NULL, 0, NULL, NULL, 'Submit', NULL, 0, '2010-12-30 15:42:49', '2010-12-30 15:42:49', 0);

-- --------------------------------------------------------

--
-- Table structure for table `users`
--

CREATE TABLE IF NOT EXISTS `users` (
  `id` int(11) NOT NULL AUTO_INCREMENT,
  `attribute` varchar(1024) DEFAULT NULL COMMENT 'Shibboleth attribute',
  `value` varchar(1024) NOT NULL COMMENT 'user name (sometimes)',
  `role_id` int(11) NOT NULL,
  `auth_method` varchar(128) NOT NULL COMMENT 'shibboleth or local',
  `auth_token` varchar(1024) DEFAULT NULL COMMENT 'password',
  PRIMARY KEY (`id`)
) ENGINE=MyISAM  DEFAULT CHARSET=utf8 AUTO_INCREMENT=8 ;

--
-- Dumping data for table `users`
--

INSERT INTO `users` (`id`, `attribute`, `value`, `role_id`, `auth_method`, `auth_token`) VALUES
(1, 'username', 'mike', 2, 'local', 'b251d89a24a9380531dbeac00dfb2d9e66bad3bf'),
(4, 'username', 'mike2', 1, 'local', 'a023c3b7de48bb3c174e891587de9569a1573d16'),
(5, 'username', 'mike3', 1, 'local', 'b251d89a24a9380531dbeac00dfb2d9e66bad3bf'),
(6, 'username', 'mike2', 1, 'local', NULL),
(7, 'username', 'mike4', 2, 'local', 'aff56855bf7b9067ea0cfed65895473e208827cc');
